curva,bic_X10,aic_X10,r2_X10,bic_X15,aic_X15,r2_X15,bic_X18,aic_X18,r2_X18,bic_X21,aic_X21,r2_X21,bic_X25,aic_X25,r2_X25,bic_promedio,aic_promedio,bic_max,r2_promedio,r2_min,dificultad
1,14,20,0.9984,20,20,0.9985,20,20,0.9982,20,20,0.998,16,16,0.9974,18.0,19.2,20,0.9981,0.9974,muy_dificil
2,15,15,0.9881,16,20,0.9885,15,20,0.9883,15,20,0.988,16,20,0.9875,15.4,19.0,16,0.9881,0.9875,muy_dificil
3,15,15,0.9994,15,16,0.9995,16,19,0.9994,16,19,0.9993,16,19,0.9991,15.6,17.6,16,0.9993,0.9991,muy_dificil
4,12,13,0.999,11,16,0.9994,13,13,0.9992,12,15,0.9991,13,16,0.9989,12.2,14.6,13,0.9991,0.9989,dificil
5,19,19,0.9989,19,19,0.9986,20,20,0.9978,20,20,0.9971,20,20,0.9962,19.6,19.6,20,0.9977,0.9962,muy_dificil
6,15,15,0.9998,14,17,0.9999,14,14,0.9998,14,20,0.9997,16,18,0.9995,14.6,16.8,16,0.9997,0.9995,muy_dificil
7,7,7,0.9997,7,9,0.9998,9,9,0.9998,10,10,0.9997,9,11,0.9996,8.4,9.2,10,0.9997,0.9996,media
8,18,20,0.9986,20,20,0.9987,20,20,0.9982,20,20,0.9977,20,20,0.997,19.6,20.0,20,0.998,0.997,muy_dificil
9,13,13,0.998,14,14,0.9981,14,15,0.9969,14,14,0.9958,14,18,0.9947,13.8,14.8,14,0.9967,0.9947,dificil
10,17,17,0.9992,18,20,0.9988,18,20,0.998,18,18,0.9973,18,18,0.9963,17.8,18.6,18,0.9979,0.9963,muy_dificil
11,20,20,0.9981,20,20,0.998,20,20,0.9973,20,20,0.997,20,20,0.997,20.0,20.0,20,0.9975,0.997,muy_dificil
12,16,19,0.9998,18,19,0.9998,18,19,0.9997,19,19,0.9997,19,19,0.9996,18.0,19.0,19,0.9997,0.9996,muy_dificil
13,19,19,0.9938,20,20,0.9939,20,20,0.9925,20,20,0.9917,20,20,0.9904,19.8,19.8,20,0.9924,0.9904,muy_dificil
14,19,19,0.9993,19,19,0.9992,19,19,0.9991,19,19,0.9989,20,20,0.9986,19.2,19.2,20,0.999,0.9986,muy_dificil
15,19,19,0.9988,20,20,0.9982,20,20,0.9976,20,20,0.9971,20,20,0.9965,19.8,19.8,20,0.9976,0.9965,muy_dificil
16,16,16,0.9992,16,16,0.9992,16,19,0.9989,16,20,0.9986,16,18,0.9982,16.0,17.8,16,0.9988,0.9982,muy_dificil
17,15,16,0.9993,16,17,0.9995,16,16,0.9987,17,18,0.9981,17,18,0.9975,16.2,17.0,17,0.9986,0.9975,muy_dificil
18,17,20,0.9986,17,20,0.9986,20,20,0.9983,20,20,0.9982,20,20,0.9978,18.8,20.0,20,0.9983,0.9978,muy_dificil
19,15,17,0.999,17,18,0.9994,17,20,0.9991,17,17,0.9987,17,20,0.9984,16.6,18.4,17,0.9989,0.9984,muy_dificil
20,18,20,0.9982,18,20,0.9981,18,18,0.9977,18,18,0.9973,18,18,0.9968,18.0,18.8,18,0.9976,0.9968,muy_dificil
21,20,20,0.9991,20,20,0.999,20,20,0.9987,20,20,0.9985,20,20,0.9983,20.0,20.0,20,0.9987,0.9983,muy_dificil
22,19,19,0.9991,19,19,0.9991,19,19,0.9989,19,19,0.9987,20,20,0.9983,19.2,19.2,20,0.9988,0.9983,muy_dificil
23,17,20,0.9996,20,20,0.9997,20,20,0.9994,20,20,0.9992,20,20,0.9989,19.4,20.0,20,0.9994,0.9989,muy_dificil
24,14,20,0.9994,20,20,0.9994,20,20,0.999,16,20,0.9985,16,20,0.9979,17.2,20.0,20,0.9988,0.9979,muy_dificil
25,16,17,0.9997,17,17,0.9998,17,17,0.9997,17,17,0.9995,17,17,0.9994,16.8,17.0,17,0.9996,0.9994,muy_dificil
26,19,20,0.9988,20,20,0.9987,20,20,0.9982,20,20,0.9979,20,20,0.9973,19.8,20.0,20,0.9982,0.9973,muy_dificil
27,16,19,0.9967,16,19,0.9966,19,19,0.9964,18,19,0.9961,18,19,0.9957,17.4,19.0,19,0.9963,0.9957,muy_dificil
28,13,15,0.9993,13,16,0.999,16,18,0.9987,15,16,0.9984,14,18,0.998,14.2,16.6,16,0.9987,0.998,muy_dificil
29,19,19,0.9947,19,19,0.9948,19,19,0.9942,19,19,0.9936,20,20,0.9923,19.2,19.2,20,0.9939,0.9923,muy_dificil
30,20,20,0.995,20,20,0.9949,20,20,0.9945,20,20,0.9941,20,20,0.9937,20.0,20.0,20,0.9944,0.9937,muy_dificil
31,8,12,0.9995,12,12,0.9997,12,12,0.9998,10,13,0.9998,13,13,0.9998,11.0,12.4,13,0.9997,0.9995,dificil
32,7,7,0.9985,7,7,0.9979,10,14,0.9968,7,17,0.9954,11,13,0.9938,8.4,11.6,11,0.9965,0.9938,dificil
33,5,6,0.9987,6,7,0.9991,8,9,0.999,7,9,0.9991,8,9,0.9989,6.8,8.0,8,0.999,0.9987,media
34,17,17,0.9988,17,17,0.9987,17,17,0.9981,17,17,0.9975,17,17,0.9969,17.0,17.0,17,0.998,0.9969,muy_dificil
35,18,18,0.9992,18,20,0.9993,18,20,0.9991,18,20,0.999,18,19,0.9987,18.0,19.4,18,0.9991,0.9987,muy_dificil
36,20,20,0.9997,20,20,0.9996,20,20,0.9995,20,20,0.9993,18,18,0.9987,19.6,19.6,20,0.9994,0.9987,muy_dificil
37,17,20,0.9988,20,20,0.9989,20,20,0.9984,20,20,0.998,20,20,0.9975,19.4,20.0,20,0.9983,0.9975,muy_dificil
38,8,8,0.9996,10,10,0.9997,10,10,0.9995,10,10,0.9994,10,12,0.9992,9.6,10.0,10,0.9995,0.9992,media
39,16,19,0.9997,19,19,0.9998,19,19,0.9997,19,19,0.9996,19,19,0.9995,18.4,19.0,19,0.9997,0.9995,muy_dificil
40,17,17,0.9996,17,18,0.9996,17,18,0.9993,18,18,0.999,18,20,0.9987,17.4,18.2,18,0.9992,0.9987,muy_dificil
41,19,19,0.9961,19,19,0.996,19,19,0.9958,19,19,0.9956,19,19,0.9953,19.0,19.0,19,0.9958,0.9953,muy_dificil
42,17,17,0.9987,18,18,0.9986,17,20,0.998,18,20,0.9977,18,20,0.9972,17.6,19.0,18,0.998,0.9972,muy_dificil
43,20,20,0.9963,20,20,0.9961,20,20,0.9957,20,20,0.9948,20,20,0.9942,20.0,20.0,20,0.9954,0.9942,muy_dificil
44,16,16,0.9993,18,18,0.9993,16,18,0.9985,19,19,0.9982,19,19,0.9974,17.6,18.0,19,0.9985,0.9974,muy_dificil
45,19,19,0.9957,19,19,0.9957,19,19,0.9956,19,19,0.9955,20,20,0.9953,19.2,19.2,20,0.9956,0.9953,muy_dificil
46,19,19,0.9976,20,20,0.9979,20,20,0.9977,20,20,0.9975,20,20,0.9973,19.8,19.8,20,0.9976,0.9973,muy_dificil
47,19,19,0.9979,19,19,0.9981,19,19,0.9976,19,19,0.9968,20,20,0.996,19.2,19.2,20,0.9973,0.996,muy_dificil
48,12,14,0.9997,12,17,0.9995,14,15,0.9994,14,14,0.9993,15,17,0.9992,13.4,15.4,15,0.9994,0.9992,dificil
49,20,20,0.9973,20,20,0.9972,20,20,0.997,20,20,0.9967,20,20,0.9964,20.0,20.0,20,0.9969,0.9964,muy_dificil
50,19,19,0.9997,19,19,0.9997,19,19,0.9997,19,19,0.9995,19,19,0.9994,19.0,19.0,19,0.9996,0.9994,muy_dificil
51,19,19,0.9978,20,20,0.9972,20,20,0.9957,20,20,0.9943,20,20,0.9926,19.8,19.8,20,0.9955,0.9926,muy_dificil
52,10,10,0.9993,13,14,0.9997,13,13,0.9995,15,15,0.9993,13,20,0.999,12.8,14.4,15,0.9994,0.999,dificil
53,19,19,0.996,19,19,0.9958,19,19,0.994,19,19,0.9921,20,20,0.9899,19.2,19.2,20,0.9935,0.9899,muy_dificil
54,17,18,0.9956,17,18,0.9954,17,18,0.9949,18,18,0.9942,18,18,0.9936,17.4,18.0,18,0.9947,0.9936,muy_dificil
55,15,17,0.9997,13,15,0.9998,15,19,0.9997,15,17,0.9997,15,15,0.9996,14.6,16.6,15,0.9997,0.9996,dificil
56,9,9,0.9994,12,14,0.9994,11,11,0.9991,11,13,0.9989,11,17,0.9985,10.8,12.8,12,0.9991,0.9985,dificil
57,9,13,0.9991,12,14,0.9989,12,12,0.9986,12,14,0.9983,12,15,0.9979,11.4,13.6,12,0.9985,0.9979,dificil
58,20,20,0.9968,20,20,0.9967,20,20,0.9962,20,20,0.9956,20,20,0.995,20.0,20.0,20,0.9961,0.995,muy_dificil
59,13,16,0.9991,13,17,0.9992,17,17,0.9987,17,17,0.9983,17,17,0.9975,15.4,16.8,17,0.9986,0.9975,muy_dificil
60,7,7,0.9995,9,13,0.999,11,11,0.9985,13,13,0.9981,13,13,0.9976,10.6,11.4,13,0.9985,0.9976,dificil
61,19,19,0.9904,20,20,0.9903,20,20,0.9896,20,20,0.989,20,20,0.9882,19.8,19.8,20,0.9895,0.9882,muy_dificil
62,19,19,0.9983,19,19,0.9986,19,19,0.9979,19,19,0.9971,19,19,0.9963,19.0,19.0,19,0.9976,0.9963,muy_dificil
63,19,20,0.9986,19,20,0.9987,20,20,0.9985,20,20,0.9982,20,20,0.9979,19.6,20.0,20,0.9984,0.9979,muy_dificil
64,20,20,0.9952,20,20,0.9957,20,20,0.9952,20,20,0.9948,20,20,0.9943,20.0,20.0,20,0.9951,0.9943,muy_dificil
65,10,15,0.9993,15,15,0.9991,15,15,0.9987,15,18,0.9981,15,15,0.9974,14.0,15.6,15,0.9985,0.9974,dificil
66,20,20,0.9997,20,20,0.9997,20,20,0.9994,20,20,0.9992,20,20,0.999,20.0,20.0,20,0.9994,0.999,muy_dificil
67,19,19,0.9994,19,19,0.9996,19,19,0.9995,19,19,0.9994,19,19,0.9992,19.0,19.0,19,0.9994,0.9992,muy_dificil
68,12,19,0.9994,12,19,0.9995,19,19,0.9993,19,19,0.999,19,19,0.9987,16.2,19.0,19,0.9992,0.9987,muy_dificil
69,5,5,0.9997,10,11,0.9992,11,12,0.9989,11,12,0.9986,11,11,0.9983,9.6,10.2,11,0.9989,0.9983,dificil
70,16,19,0.999,19,19,0.9994,19,19,0.9989,19,19,0.9982,19,19,0.9975,18.4,19.0,19,0.9986,0.9975,muy_dificil
71,20,20,0.9986,20,20,0.9987,20,20,0.997,20,20,0.9967,20,20,0.9964,20.0,20.0,20,0.9975,0.9964,muy_dificil
72,7,7,0.9994,7,8,0.9983,7,7,0.9975,7,7,0.9966,7,12,0.996,7.0,8.2,7,0.9976,0.996,media
73,16,19,0.9992,20,20,0.9993,20,20,0.9991,20,20,0.9987,20,20,0.9983,19.2,19.8,20,0.9989,0.9983,muy_dificil
74,19,20,0.9991,20,20,0.999,20,20,0.9986,20,20,0.998,20,20,0.9975,19.8,20.0,20,0.9984,0.9975,muy_dificil
75,19,20,0.9888,20,20,0.9887,20,20,0.9883,20,20,0.9878,20,20,0.9873,19.8,20.0,20,0.9882,0.9873,muy_dificil
76,18,20,0.999,18,20,0.9988,18,20,0.9981,20,20,0.9973,20,20,0.9964,18.8,20.0,20,0.9979,0.9964,muy_dificil
77,16,16,0.9989,16,20,0.9987,16,20,0.998,20,20,0.9972,20,20,0.996,17.6,19.2,20,0.9978,0.996,muy_dificil
78,20,20,0.9969,20,20,0.9972,20,20,0.997,20,20,0.9967,18,18,0.9953,19.6,19.6,20,0.9966,0.9953,muy_dificil
79,15,15,0.9985,15,15,0.9993,15,18,0.9988,16,16,0.9982,15,19,0.9974,15.2,16.6,16,0.9985,0.9974,muy_dificil
80,19,19,0.9902,19,20,0.9897,19,19,0.9889,19,20,0.9879,19,20,0.987,19.0,19.6,19,0.9887,0.987,muy_dificil
81,15,15,0.9996,18,20,0.9996,18,18,0.9995,18,20,0.9993,19,20,0.9992,17.6,18.6,19,0.9994,0.9992,muy_dificil
82,19,19,0.9994,19,19,0.9994,19,19,0.9993,20,20,0.9992,20,20,0.999,19.4,19.4,20,0.9993,0.999,muy_dificil
83,19,19,0.9997,20,20,0.9998,20,20,0.9997,20,20,0.9996,20,20,0.9995,19.8,19.8,20,0.9997,0.9995,muy_dificil
84,20,20,0.9942,20,20,0.9944,20,20,0.9936,20,20,0.9927,20,20,0.992,20.0,20.0,20,0.9934,0.992,muy_dificil
85,18,18,0.9981,18,20,0.9982,18,20,0.9975,18,20,0.9968,18,20,0.9959,18.0,19.6,18,0.9973,0.9959,muy_dificil
86,19,19,0.9898,19,19,0.9897,19,20,0.9887,20,20,0.9886,20,20,0.9883,19.4,19.6,20,0.989,0.9883,muy_dificil
87,18,19,0.9695,19,19,0.9699,19,19,0.9688,19,19,0.9682,19,19,0.9672,18.8,19.0,19,0.9687,0.9672,muy_dificil
88,13,17,0.9997,13,17,0.9995,17,17,0.9992,16,18,0.999,18,19,0.9986,15.4,17.6,18,0.9992,0.9986,muy_dificil
89,17,19,0.9961,18,19,0.9961,18,19,0.9956,18,20,0.9951,18,20,0.9944,17.8,19.4,18,0.9954,0.9944,muy_dificil
90,19,19,0.9996,19,19,0.9996,19,19,0.9993,19,19,0.999,20,20,0.9987,19.2,19.2,20,0.9992,0.9987,muy_dificil
91,17,19,0.9997,19,19,0.9997,19,19,0.9996,19,19,0.9994,20,20,0.9992,18.8,19.2,20,0.9995,0.9992,muy_dificil
92,16,16,0.9997,16,16,0.9997,16,16,0.9995,16,16,0.9994,16,16,0.9993,16.0,16.0,16,0.9995,0.9993,muy_dificil
93,17,19,0.9992,19,19,0.9992,19,19,0.9989,19,19,0.9987,17,20,0.9985,18.2,19.2,19,0.9989,0.9985,muy_dificil
94,20,20,0.9981,20,20,0.998,20,20,0.9978,20,20,0.9975,20,20,0.9973,20.0,20.0,20,0.9977,0.9973,muy_dificil
95,8,8,0.9993,8,8,0.9989,8,10,0.9984,8,8,0.9979,8,8,0.9974,8.0,8.4,8,0.9984,0.9974,media
96,20,20,0.9977,20,20,0.9976,20,20,0.9974,20,20,0.9971,20,20,0.9969,20.0,20.0,20,0.9973,0.9969,muy_dificil
97,17,19,0.9991,19,19,0.999,19,19,0.9989,19,19,0.9987,20,20,0.9985,18.8,19.2,20,0.9988,0.9985,muy_dificil
98,12,14,0.9995,12,16,0.9994,14,16,0.999,14,16,0.9985,16,16,0.9979,13.6,15.6,16,0.9989,0.9979,muy_dificil
99,15,19,0.9994,16,19,0.9995,19,19,0.999,19,19,0.9985,20,20,0.9979,17.8,19.2,20,0.9989,0.9979,muy_dificil
100,17,20,0.999,20,20,0.9991,20,20,0.9984,20,20,0.9979,20,20,0.9971,19.4,20.0,20,0.9983,0.9971,muy_dificil
101,19,19,0.9978,19,19,0.9977,19,19,0.9969,19,19,0.9963,19,19,0.9955,19.0,19.0,19,0.9968,0.9955,muy_dificil
102,17,17,0.9986,17,17,0.9988,19,19,0.9982,19,20,0.9977,20,20,0.9969,18.4,18.6,20,0.998,0.9969,muy_dificil
103,10,12,0.9986,10,10,0.9988,11,14,0.9982,10,11,0.997,14,14,0.9961,11.0,12.2,14,0.9977,0.9961,dificil
104,19,19,0.9994,19,19,0.9992,16,20,0.9982,20,20,0.9976,20,20,0.9968,18.8,19.6,20,0.9982,0.9968,muy_dificil
105,17,20,0.9937,20,20,0.9943,20,20,0.9941,20,20,0.9938,18,18,0.9932,19.0,19.6,20,0.9938,0.9932,muy_dificil
106,12,17,0.9995,12,18,0.9994,12,15,0.9992,12,18,0.9991,18,18,0.9989,13.2,17.2,18,0.9992,0.9989,muy_dificil
107,10,14,0.9996,14,14,0.9998,16,18,0.9997,14,14,0.9996,16,16,0.9994,14.0,15.2,16,0.9996,0.9994,muy_dificil
108,19,19,0.9988,19,19,0.9988,19,19,0.9986,19,19,0.9983,19,19,0.9979,19.0,19.0,19,0.9985,0.9979,muy_dificil
109,13,16,0.9996,16,17,0.9997,17,19,0.9995,17,19,0.9992,19,19,0.999,16.4,18.0,19,0.9994,0.999,muy_dificil
110,9,11,0.9996,13,13,0.9997,13,15,0.9996,13,13,0.9995,13,15,0.9993,12.2,13.4,13,0.9995,0.9993,dificil
111,15,18,0.9994,19,19,0.9997,19,19,0.9996,19,19,0.9995,19,19,0.9993,18.2,18.8,19,0.9995,0.9993,muy_dificil
112,19,19,0.999,19,19,0.9991,19,19,0.9989,19,19,0.9987,20,20,0.9985,19.2,19.2,20,0.9988,0.9985,muy_dificil
113,19,19,0.9976,20,20,0.9966,20,20,0.996,20,20,0.9953,20,20,0.9945,19.8,19.8,20,0.996,0.9945,muy_dificil
114,20,20,0.9978,20,20,0.9977,20,20,0.9976,20,20,0.9974,20,20,0.9972,20.0,20.0,20,0.9976,0.9972,muy_dificil
115,6,9,0.9995,6,6,0.9996,6,9,0.9994,9,10,0.9988,10,12,0.9985,7.4,9.2,10,0.9991,0.9985,media
116,20,20,0.9991,20,20,0.999,20,20,0.9983,20,20,0.9978,20,20,0.9971,20.0,20.0,20,0.9983,0.9971,muy_dificil
117,20,20,0.9967,20,20,0.9965,20,20,0.996,20,20,0.9952,20,20,0.9945,20.0,20.0,20,0.9958,0.9945,muy_dificil
118,17,17,0.9995,17,17,0.9996,17,18,0.9994,17,18,0.9992,18,18,0.9989,17.2,17.6,18,0.9993,0.9989,muy_dificil
119,17,19,0.9996,19,19,0.9997,17,19,0.9993,19,19,0.9988,20,20,0.9984,18.4,19.2,20,0.9992,0.9984,muy_dificil
120,17,17,0.9997,17,20,0.9996,20,20,0.9995,20,20,0.9993,20,20,0.9991,18.8,19.4,20,0.9995,0.9991,muy_dificil
121,20,20,0.9932,20,20,0.9927,20,20,0.9912,20,20,0.9901,20,20,0.9832,20.0,20.0,20,0.9901,0.9832,muy_dificil
122,19,19,0.9856,20,20,0.9823,20,20,0.9816,20,20,0.981,20,20,0.9803,19.8,19.8,20,0.9822,0.9803,muy_dificil
123,20,20,0.9953,20,20,0.9947,20,20,0.9937,20,20,0.993,20,20,0.9921,20.0,20.0,20,0.9938,0.9921,muy_dificil
124,11,15,0.9996,15,15,0.9993,15,15,0.999,15,15,0.9988,16,16,0.9983,14.4,15.2,16,0.999,0.9983,muy_dificil
125,16,19,0.9882,16,20,0.9876,16,20,0.9869,16,20,0.9857,16,20,0.9843,16.0,19.8,16,0.9865,0.9843,muy_dificil
126,17,20,0.9994,20,20,0.9994,20,20,0.9989,18,18,0.9983,18,18,0.9977,18.6,19.2,20,0.9987,0.9977,muy_dificil
127,16,18,0.9994,16,19,0.9995,16,19,0.9992,19,19,0.9989,19,19,0.9987,17.2,18.8,19,0.9991,0.9987,muy_dificil
128,15,15,0.9942,15,15,0.9941,15,15,0.9931,15,19,0.9918,15,19,0.9903,15.0,16.6,15,0.9927,0.9903,dificil
129,19,19,0.9985,20,20,0.9981,20,20,0.9978,20,20,0.9973,20,20,0.9969,19.8,19.8,20,0.9977,0.9969,muy_dificil
130,14,15,0.9994,17,17,0.9998,17,17,0.9996,17,17,0.9994,17,17,0.9992,16.4,16.6,17,0.9995,0.9992,muy_dificil
131,20,20,0.9886,20,20,0.9889,20,20,0.9884,20,20,0.9877,20,20,0.9868,20.0,20.0,20,0.9881,0.9868,muy_dificil
132,17,17,0.9804,18,18,0.9794,18,18,0.9783,18,18,0.9773,18,18,0.9758,17.8,17.8,18,0.9782,0.9758,muy_dificil
133,10,10,0.9993,11,11,0.9992,11,13,0.999,14,14,0.9989,14,14,0.9988,12.0,12.4,14,0.9991,0.9988,dificil
134,20,20,0.9992,20,20,0.9994,20,20,0.999,20,20,0.9988,20,20,0.9985,20.0,20.0,20,0.999,0.9985,muy_dificil
135,20,20,0.9995,20,20,0.9995,20,20,0.9995,20,20,0.9993,18,18,0.9991,19.6,19.6,20,0.9994,0.9991,muy_dificil
136,13,13,0.9986,13,18,0.997,15,16,0.9964,15,19,0.9944,16,19,0.9928,14.4,17.0,16,0.9958,0.9928,muy_dificil
137,16,20,0.9995,16,20,0.9996,20,20,0.9996,20,20,0.9993,20,20,0.9992,18.4,20.0,20,0.9994,0.9992,muy_dificil
138,14,14,0.9996,17,17,0.9997,16,18,0.9995,16,18,0.9993,16,19,0.999,15.8,17.2,17,0.9994,0.999,muy_dificil
139,16,20,0.9831,20,20,0.9851,20,20,0.9846,20,20,0.984,20,20,0.9833,19.2,20.0,20,0.984,0.9831,muy_dificil
140,7,7,0.9998,9,16,0.9999,9,10,0.9999,9,13,0.9999,9,14,0.9998,8.6,12.0,9,0.9999,0.9998,media
141,20,20,0.996,20,20,0.9962,20,20,0.9957,20,20,0.9953,20,20,0.9948,20.0,20.0,20,0.9956,0.9948,muy_dificil
142,16,16,0.9993,19,19,0.9995,19,19,0.9991,19,19,0.9988,20,20,0.9983,18.6,18.6,20,0.999,0.9983,muy_dificil
143,17,18,0.9968,18,19,0.9963,18,19,0.9954,19,19,0.9948,19,19,0.9938,18.2,18.8,19,0.9954,0.9938,muy_dificil
144,15,20,0.9995,20,20,0.9994,20,20,0.9991,20,20,0.9988,20,20,0.9983,19.0,20.0,20,0.999,0.9983,muy_dificil
145,19,20,0.9998,20,20,0.9998,20,20,0.9998,20,20,0.9997,20,20,0.9997,19.8,20.0,20,0.9998,0.9997,muy_dificil
146,16,20,0.9992,16,20,0.9988,20,20,0.9984,20,20,0.9973,20,20,0.9963,18.4,20.0,20,0.998,0.9963,muy_dificil
147,18,19,0.9997,19,20,0.9997,20,20,0.9995,20,20,0.9993,20,20,0.999,19.4,19.8,20,0.9995,0.999,muy_dificil
148,16,19,0.9992,19,20,0.9992,19,20,0.9989,19,20,0.9986,19,20,0.9983,18.4,19.8,19,0.9988,0.9983,muy_dificil
149,12,17,0.9995,17,17,0.9996,17,17,0.9995,17,17,0.9993,17,18,0.9991,16.0,17.2,17,0.9994,0.9991,muy_dificil
150,12,14,0.9995,15,19,0.9997,15,19,0.9996,15,20,0.9995,20,20,0.9993,15.4,18.4,20,0.9995,0.9993,muy_dificil
151,19,19,0.9984,20,20,0.9985,20,20,0.9983,20,20,0.9981,20,20,0.9978,19.8,19.8,20,0.9982,0.9978,muy_dificil
152,15,20,0.9964,15,20,0.9962,15,20,0.996,15,15,0.9958,15,15,0.9957,15.0,18.0,15,0.996,0.9957,dificil
153,17,18,0.9993,19,19,0.9992,19,19,0.9988,19,19,0.9983,19,19,0.9976,18.6,18.8,19,0.9987,0.9976,muy_dificil
154,19,19,0.9994,19,19,0.9995,19,19,0.999,19,19,0.9986,19,19,0.9979,19.0,19.0,19,0.9989,0.9979,muy_dificil
155,19,19,0.996,20,20,0.9953,20,20,0.9951,20,20,0.9948,20,20,0.9945,19.8,19.8,20,0.9951,0.9945,muy_dificil
156,17,17,0.9988,17,17,0.9983,17,20,0.9976,17,20,0.9967,17,20,0.9958,17.0,18.8,17,0.9974,0.9958,muy_dificil
157,20,20,0.9993,20,20,0.9992,18,18,0.9982,18,18,0.998,18,18,0.9976,18.8,18.8,20,0.9985,0.9976,muy_dificil
158,18,20,0.9995,20,20,0.9994,20,20,0.999,20,20,0.9986,20,20,0.9981,19.6,20.0,20,0.9989,0.9981,muy_dificil
159,20,20,0.9984,20,20,0.9977,20,20,0.9971,20,20,0.9964,20,20,0.9958,20.0,20.0,20,0.9971,0.9958,muy_dificil
160,19,19,0.9888,19,19,0.9888,20,20,0.9877,20,20,0.9873,20,20,0.9867,19.6,19.6,20,0.9878,0.9867,muy_dificil
161,19,20,0.9994,20,20,0.9993,20,20,0.9986,20,20,0.9983,20,20,0.9975,19.8,20.0,20,0.9986,0.9975,muy_dificil
162,20,20,0.9994,20,20,0.9993,20,20,0.9991,20,20,0.9989,20,20,0.9987,20.0,20.0,20,0.9991,0.9987,muy_dificil
163,17,17,0.9996,19,19,0.9996,17,19,0.9994,17,19,0.9992,20,20,0.999,18.0,18.8,20,0.9993,0.999,muy_dificil
164,15,16,0.9995,16,20,0.9995,20,20,0.9993,20,20,0.9992,20,20,0.9989,18.2,19.2,20,0.9993,0.9989,muy_dificil
165,19,19,0.9992,19,19,0.9992,19,19,0.9987,19,19,0.9983,19,19,0.9978,19.0,19.0,19,0.9986,0.9978,muy_dificil
166,12,15,0.9992,12,12,0.9996,12,12,0.9995,12,12,0.9992,15,16,0.9988,12.6,13.4,15,0.9992,0.9988,dificil
167,19,19,0.9965,20,20,0.996,20,20,0.9955,20,20,0.9952,20,20,0.9947,19.8,19.8,20,0.9956,0.9947,muy_dificil
168,16,20,0.9991,19,20,0.9991,20,20,0.9987,20,20,0.9983,20,20,0.9978,19.0,20.0,20,0.9986,0.9978,muy_dificil
169,19,19,0.9993,19,19,0.9993,20,20,0.999,20,20,0.9987,20,20,0.9984,19.6,19.6,20,0.9989,0.9984,muy_dificil
170,18,19,0.9993,18,18,0.9994,18,19,0.9992,18,18,0.9989,18,18,0.9987,18.0,18.4,18,0.9991,0.9987,muy_dificil
171,20,20,0.9852,20,20,0.9848,20,20,0.9842,20,20,0.9834,20,20,0.9799,20.0,20.0,20,0.9835,0.9799,muy_dificil
172,17,17,0.9991,17,20,0.9991,20,20,0.9985,20,20,0.9977,20,20,0.997,18.8,19.4,20,0.9983,0.997,muy_dificil
173,11,12,0.9998,12,17,0.9998,15,18,0.9998,15,20,0.9997,18,20,0.9997,14.2,17.4,18,0.9998,0.9997,muy_dificil
174,19,19,0.9929,19,19,0.9928,19,20,0.9923,19,20,0.9918,20,20,0.9913,19.2,19.6,20,0.9922,0.9913,muy_dificil
175,9,9,0.9992,11,13,0.9994,11,11,0.9991,11,13,0.999,11,11,0.9989,10.6,11.4,11,0.9991,0.9989,dificil
176,9,9,0.9987,9,9,0.999,9,9,0.998,9,12,0.9972,13,15,0.9962,9.8,10.8,13,0.9978,0.9962,dificil
177,16,16,0.9995,17,17,0.9994,16,16,0.9994,16,16,0.9991,16,16,0.9987,16.2,16.2,17,0.9992,0.9987,muy_dificil
178,18,18,0.997,18,19,0.9976,18,19,0.9965,18,19,0.996,19,19,0.9948,18.2,18.8,19,0.9964,0.9948,muy_dificil
179,19,20,0.9992,19,20,0.9992,19,20,0.999,19,20,0.9987,20,20,0.9984,19.2,20.0,20,0.9989,0.9984,muy_dificil
180,20,20,0.997,20,20,0.9971,20,20,0.9964,20,20,0.9958,20,20,0.9936,20.0,20.0,20,0.996,0.9936,muy_dificil
181,18,20,0.9974,18,20,0.9975,18,20,0.9971,19,20,0.9967,20,20,0.9963,18.6,20.0,20,0.997,0.9963,muy_dificil
182,19,20,0.9997,20,20,0.9996,20,20,0.9994,20,20,0.9992,20,20,0.9989,19.8,20.0,20,0.9993,0.9989,muy_dificil
183,19,19,0.9991,19,19,0.9988,19,19,0.9981,19,19,0.9974,19,19,0.9966,19.0,19.0,19,0.998,0.9966,muy_dificil
184,19,19,0.9983,19,19,0.9982,19,19,0.9979,19,19,0.9976,19,19,0.9973,19.0,19.0,19,0.9979,0.9973,muy_dificil
185,10,14,0.9993,11,12,0.9994,12,12,0.9992,14,14,0.9992,12,15,0.9991,11.8,13.4,14,0.9992,0.9991,dificil
186,20,20,0.9922,20,20,0.992,20,20,0.9915,20,20,0.9909,20,20,0.9902,20.0,20.0,20,0.9914,0.9902,muy_dificil
187,20,20,0.999,20,20,0.9988,20,20,0.9983,20,20,0.9977,20,20,0.9972,20.0,20.0,20,0.9982,0.9972,muy_dificil
188,17,17,0.9995,20,20,0.9996,17,20,0.9993,20,20,0.9991,20,20,0.9988,18.8,19.4,20,0.9993,0.9988,muy_dificil
189,17,20,0.9981,17,20,0.998,20,20,0.9978,20,20,0.9975,20,20,0.9972,18.8,20.0,20,0.9977,0.9972,muy_dificil
190,14,16,0.9976,16,16,0.9947,16,16,0.9898,16,20,0.9858,16,20,0.9809,15.6,17.6,16,0.9897,0.9809,muy_dificil
191,19,19,0.9991,19,19,0.9991,19,19,0.9982,20,20,0.9975,19,20,0.9963,19.2,19.4,20,0.998,0.9963,muy_dificil
192,19,19,0.9942,19,19,0.9959,19,19,0.9933,19,19,0.9901,19,19,0.9855,19.0,19.0,19,0.9918,0.9855,muy_dificil
193,19,19,0.9979,19,19,0.9979,20,20,0.9974,20,20,0.9972,20,20,0.9969,19.6,19.6,20,0.9975,0.9969,muy_dificil
194,16,16,0.9995,16,17,0.9995,16,17,0.9994,16,17,0.9993,16,20,0.9991,16.0,17.4,16,0.9994,0.9991,muy_dificil
195,17,17,0.9958,17,19,0.9959,19,19,0.9956,17,17,0.9949,17,17,0.9944,17.4,17.8,19,0.9953,0.9944,muy_dificil
196,19,19,0.9942,19,20,0.9948,19,20,0.9944,20,20,0.9939,20,20,0.9933,19.4,19.8,20,0.9941,0.9933,muy_dificil
197,20,20,0.9959,20,20,0.9966,18,18,0.9941,18,18,0.9935,18,18,0.9928,18.8,18.8,20,0.9946,0.9928,muy_dificil
198,9,9,0.9995,10,10,0.9999,12,12,0.9998,10,14,0.9998,14,14,0.9997,11.0,11.8,14,0.9997,0.9995,dificil
199,17,18,0.9986,18,19,0.9989,19,19,0.9979,18,20,0.9972,19,19,0.9958,18.2,19.0,19,0.9977,0.9958,muy_dificil
200,20,20,0.9948,20,20,0.9951,20,20,0.9946,20,20,0.9941,20,20,0.9934,20.0,20.0,20,0.9944,0.9934,muy_dificil
201,5,10,0.9991,5,10,0.9991,5,11,0.9984,10,16,0.9977,10,11,0.9968,7.0,11.6,10,0.9982,0.9968,media
202,16,20,0.9969,16,16,0.997,16,16,0.9963,16,16,0.9957,16,16,0.9949,16.0,16.8,16,0.9962,0.9949,muy_dificil
203,20,20,0.9982,20,20,0.9976,20,20,0.9967,20,20,0.9959,20,20,0.9947,20.0,20.0,20,0.9966,0.9947,muy_dificil
204,15,15,0.9995,15,15,0.9993,15,17,0.9989,15,17,0.9985,15,16,0.9979,15.0,16.0,15,0.9988,0.9979,dificil
205,12,17,0.9992,17,17,0.999,17,19,0.9978,17,17,0.9966,18,18,0.9955,16.2,17.6,18,0.9976,0.9955,muy_dificil
206,8,12,0.9993,12,15,0.9987,12,15,0.9983,13,13,0.998,15,17,0.9973,12.0,14.4,15,0.9983,0.9973,dificil
207,14,14,0.9991,14,15,0.9992,16,16,0.9986,16,18,0.9981,16,20,0.9974,15.2,16.6,16,0.9985,0.9974,muy_dificil
208,12,18,0.9998,13,16,0.9998,16,16,0.9998,16,17,0.9997,14,16,0.9996,14.2,16.6,16,0.9997,0.9996,muy_dificil
209,10,12,0.9959,14,14,0.9951,14,16,0.9923,14,16,0.9905,15,18,0.987,13.4,15.2,15,0.9922,0.987,dificil
210,14,18,0.9988,18,18,0.9981,18,18,0.9972,18,18,0.9963,19,19,0.9955,17.4,18.2,19,0.9972,0.9955,muy_dificil
211,6,7,0.9994,6,6,0.9993,6,9,0.9991,8,8,0.9991,9,9,0.9989,7.0,7.8,9,0.9992,0.9989,media
212,19,19,0.9984,20,20,0.9984,20,20,0.9982,20,20,0.9981,20,20,0.9979,19.8,19.8,20,0.9982,0.9979,muy_dificil
213,19,19,0.9963,19,19,0.9961,19,19,0.9956,19,19,0.9951,19,20,0.9945,19.0,19.2,19,0.9955,0.9945,muy_dificil
214,15,19,0.9989,20,20,0.9986,20,20,0.9973,20,20,0.996,20,20,0.9947,19.0,19.8,20,0.9971,0.9947,muy_dificil
215,17,17,0.9889,17,17,0.9891,17,17,0.9887,17,17,0.9882,17,17,0.9876,17.0,17.0,17,0.9885,0.9876,muy_dificil
216,19,19,0.9976,19,19,0.9976,19,19,0.9975,19,19,0.9974,20,20,0.9968,19.2,19.2,20,0.9974,0.9968,muy_dificil
217,19,19,0.9994,19,19,0.9993,19,19,0.999,19,19,0.9987,19,19,0.9981,19.0,19.0,19,0.9989,0.9981,muy_dificil
218,17,17,0.9977,19,19,0.9971,19,19,0.9954,19,19,0.9945,19,19,0.9926,18.6,18.6,19,0.9955,0.9926,muy_dificil
219,20,20,0.9979,20,20,0.998,20,20,0.9978,20,20,0.9977,20,20,0.9975,20.0,20.0,20,0.9978,0.9975,muy_dificil
220,11,13,0.9983,11,16,0.9989,11,16,0.9987,11,15,0.9984,14,16,0.998,11.6,15.2,14,0.9984,0.998,dificil
221,16,17,0.9988,16,16,0.9989,16,17,0.9988,16,20,0.9987,16,20,0.9985,16.0,18.0,16,0.9987,0.9985,muy_dificil
222,17,17,0.9997,17,20,0.9998,17,17,0.9997,19,20,0.9995,20,20,0.9994,18.0,18.8,20,0.9996,0.9994,muy_dificil
223,13,16,0.999,13,15,0.9987,13,17,0.9981,17,17,0.9976,17,20,0.9971,14.6,17.0,17,0.9981,0.9971,muy_dificil
224,6,12,0.9996,12,14,0.9994,12,17,0.9993,16,19,0.999,14,16,0.9988,12.0,15.6,16,0.9992,0.9988,muy_dificil
225,16,17,0.9987,17,17,0.9988,17,18,0.9987,17,18,0.9985,17,20,0.9984,16.8,18.0,17,0.9986,0.9984,muy_dificil
226,19,19,0.9913,20,20,0.9907,20,20,0.9903,20,20,0.9898,20,20,0.9886,19.8,19.8,20,0.9901,0.9886,muy_dificil
227,3,8,0.9994,7,8,0.9992,7,7,0.9992,7,8,0.999,7,8,0.9988,6.2,7.8,7,0.9991,0.9988,media
228,19,19,0.999,20,20,0.999,20,20,0.9985,20,20,0.998,20,20,0.9975,19.8,19.8,20,0.9984,0.9975,muy_dificil
229,17,20,0.9936,18,20,0.9941,18,20,0.9934,20,20,0.9931,18,18,0.9922,18.2,19.6,20,0.9933,0.9922,muy_dificil
230,7,10,0.9997,7,10,0.9995,10,10,0.9994,10,10,0.9995,10,10,0.9993,8.8,10.0,10,0.9995,0.9993,media
231,19,19,0.9965,19,20,0.9965,19,20,0.9963,19,20,0.9961,19,20,0.9958,19.0,19.8,19,0.9962,0.9958,muy_dificil
232,10,16,0.9993,17,19,0.9991,18,19,0.9989,17,18,0.9986,19,19,0.9982,16.2,18.2,19,0.9988,0.9982,muy_dificil
233,6,19,0.9996,9,9,0.9995,9,11,0.9995,7,9,0.9994,7,14,0.9992,7.6,12.4,9,0.9994,0.9992,media
234,20,20,0.9994,20,20,0.9995,20,20,0.9993,18,18,0.9989,18,18,0.9987,19.2,19.2,20,0.9991,0.9987,muy_dificil
235,19,19,0.9982,20,20,0.9981,20,20,0.9978,20,20,0.9974,20,20,0.9971,19.8,19.8,20,0.9977,0.9971,muy_dificil
236,17,18,0.9795,18,18,0.9798,18,18,0.9791,18,18,0.9783,18,20,0.9772,17.8,18.4,18,0.9788,0.9772,muy_dificil
237,13,13,0.9996,14,15,0.9995,14,16,0.9994,13,18,0.9993,13,18,0.9991,13.4,16.0,14,0.9994,0.9991,dificil
238,19,19,0.9962,19,19,0.996,20,20,0.995,20,20,0.9943,20,20,0.9933,19.6,19.6,20,0.995,0.9933,muy_dificil
239,19,19,0.9991,20,20,0.999,20,20,0.9985,20,20,0.9981,20,20,0.9976,19.8,19.8,20,0.9985,0.9976,muy_dificil
240,19,19,0.9873,19,19,0.9877,19,19,0.987,20,20,0.985,20,20,0.9841,19.4,19.4,20,0.9862,0.9841,muy_dificil
241,19,19,0.9996,20,20,0.9996,20,20,0.9995,20,20,0.9993,20,20,0.9991,19.8,19.8,20,0.9994,0.9991,muy_dificil
242,6,7,0.9983,7,7,0.9972,7,12,0.9967,8,12,0.9957,11,12,0.9945,7.8,10.0,11,0.9965,0.9945,dificil
243,7,8,0.9987,8,9,0.9982,8,8,0.9974,8,8,0.997,8,8,0.9964,7.8,8.2,8,0.9975,0.9964,media
244,20,20,0.995,20,20,0.9943,20,20,0.9935,20,20,0.9924,20,20,0.9912,20.0,20.0,20,0.9933,0.9912,muy_dificil
245,19,19,0.9961,19,19,0.9958,19,19,0.9952,19,19,0.9945,20,20,0.9935,19.2,19.2,20,0.995,0.9935,muy_dificil
246,16,20,0.9996,17,20,0.9995,20,20,0.9993,20,20,0.9991,20,20,0.9987,18.6,20.0,20,0.9992,0.9987,muy_dificil
247,19,19,0.996,19,19,0.9958,19,19,0.9953,20,20,0.995,20,20,0.9946,19.4,19.4,20,0.9953,0.9946,muy_dificil
248,19,19,0.9978,19,19,0.9975,19,19,0.9971,20,20,0.9967,20,20,0.9964,19.4,19.4,20,0.9971,0.9964,muy_dificil
249,19,19,0.994,19,19,0.9937,19,19,0.9929,19,19,0.9916,19,19,0.9902,19.0,19.0,19,0.9925,0.9902,muy_dificil
250,19,19,0.9989,20,20,0.9985,20,20,0.998,20,20,0.9975,20,20,0.9969,19.8,19.8,20,0.9979,0.9969,muy_dificil
251,19,19,0.9973,20,20,0.997,20,20,0.9966,20,20,0.9963,20,20,0.9959,19.8,19.8,20,0.9966,0.9959,muy_dificil
252,15,15,0.9909,15,17,0.991,15,17,0.9902,15,20,0.9892,15,20,0.988,15.0,17.8,15,0.9899,0.988,dificil
253,19,19,0.9961,20,20,0.9948,20,20,0.9939,20,20,0.9932,20,20,0.9923,19.8,19.8,20,0.994,0.9923,muy_dificil
254,20,20,0.9948,20,20,0.9948,20,20,0.9947,20,20,0.9945,20,20,0.9943,20.0,20.0,20,0.9946,0.9943,muy_dificil
255,18,18,0.9993,18,20,0.9992,18,20,0.9989,20,20,0.9986,20,20,0.9983,18.8,19.6,20,0.9989,0.9983,muy_dificil
256,20,20,0.9996,20,20,0.9996,20,20,0.9994,20,20,0.9991,20,20,0.9988,20.0,20.0,20,0.9993,0.9988,muy_dificil
257,20,20,0.9952,20,20,0.9954,20,20,0.9948,20,20,0.9943,20,20,0.9935,20.0,20.0,20,0.9946,0.9935,muy_dificil
258,18,20,0.9998,20,20,0.9998,20,20,0.9998,20,20,0.9998,20,20,0.9997,19.6,20.0,20,0.9998,0.9997,muy_dificil
259,12,17,0.9996,16,16,0.9995,15,15,0.9994,16,16,0.9993,19,19,0.999,15.6,16.6,19,0.9994,0.999,muy_dificil
260,20,20,0.998,20,20,0.9979,20,20,0.9975,20,20,0.9971,20,20,0.9965,20.0,20.0,20,0.9974,0.9965,muy_dificil
261,15,16,0.9972,20,20,0.9975,17,20,0.9959,20,20,0.9948,20,20,0.9927,18.4,19.2,20,0.9956,0.9927,muy_dificil
262,20,20,0.9975,20,20,0.9975,20,20,0.9968,20,20,0.9959,20,20,0.9948,20.0,20.0,20,0.9965,0.9948,muy_dificil
263,15,20,0.9988,15,20,0.9989,20,20,0.9988,20,20,0.9986,15,20,0.9984,17.0,20.0,20,0.9987,0.9984,muy_dificil
264,19,19,0.9995,19,19,0.9995,19,19,0.9993,19,19,0.9991,19,19,0.9989,19.0,19.0,19,0.9992,0.9989,muy_dificil
265,19,19,0.9993,20,20,0.9993,20,20,0.9991,20,20,0.9989,20,20,0.9986,19.8,19.8,20,0.9991,0.9986,muy_dificil
266,17,18,0.9996,20,20,0.9998,20,20,0.9998,20,20,0.9997,20,20,0.9996,19.4,19.6,20,0.9997,0.9996,muy_dificil
267,15,19,0.9997,17,20,0.9996,17,20,0.9992,18,20,0.9987,20,20,0.9981,17.4,19.8,20,0.999,0.9981,muy_dificil
268,19,19,0.9995,20,20,0.9994,20,20,0.9991,20,20,0.9988,20,20,0.9985,19.8,19.8,20,0.999,0.9985,muy_dificil
269,19,19,0.993,19,19,0.9931,19,19,0.9929,20,20,0.9919,20,20,0.9916,19.4,19.4,20,0.9925,0.9916,muy_dificil
270,20,20,0.9986,17,20,0.9982,17,20,0.9976,17,20,0.9971,20,20,0.9965,18.2,20.0,20,0.9976,0.9965,muy_dificil
271,20,20,0.9953,20,20,0.9951,20,20,0.9945,20,20,0.9939,20,20,0.993,20.0,20.0,20,0.9944,0.993,muy_dificil
272,15,20,0.9995,15,20,0.9994,20,20,0.9992,20,20,0.9989,18,18,0.9986,17.6,19.6,20,0.9991,0.9986,muy_dificil
273,16,19,0.9994,16,20,0.9988,20,20,0.9984,20,20,0.9979,20,20,0.9973,18.4,19.8,20,0.9984,0.9973,muy_dificil
274,20,20,0.9932,20,20,0.9933,20,20,0.9931,15,20,0.9905,20,20,0.9908,19.0,20.0,20,0.9922,0.9905,muy_dificil
275,11,14,0.9999,16,16,0.9999,16,20,0.9999,16,20,0.9998,16,20,0.9998,15.0,18.0,16,0.9999,0.9998,muy_dificil
276,19,19,0.9995,19,19,0.9994,19,19,0.9991,19,20,0.9987,20,20,0.9982,19.2,19.4,20,0.999,0.9982,muy_dificil
277,17,18,0.9995,18,20,0.9993,18,20,0.999,18,20,0.9987,20,20,0.9983,18.2,19.6,20,0.999,0.9983,muy_dificil
278,15,19,0.9992,17,20,0.999,17,17,0.9979,17,17,0.9974,17,17,0.9965,16.6,18.0,17,0.998,0.9965,muy_dificil
279,14,14,0.9994,14,15,0.9992,14,16,0.9986,14,20,0.9981,20,20,0.9975,15.2,17.0,20,0.9986,0.9975,muy_dificil
280,19,19,0.995,20,20,0.995,20,20,0.9948,20,20,0.9946,20,20,0.9944,19.8,19.8,20,0.9948,0.9944,muy_dificil
281,9,9,0.9995,9,11,0.9996,9,14,0.9997,12,13,0.9996,12,15,0.9996,10.2,12.4,12,0.9996,0.9995,dificil
282,15,16,0.9995,16,20,0.9994,16,16,0.999,16,16,0.9987,16,16,0.9984,15.8,16.8,16,0.999,0.9984,muy_dificil
283,16,19,0.9967,16,19,0.9966,16,19,0.9962,16,16,0.9958,16,16,0.9952,16.0,17.8,16,0.9961,0.9952,muy_dificil
284,19,20,0.9986,20,20,0.9985,20,20,0.9981,20,20,0.9978,20,20,0.9973,19.8,20.0,20,0.9981,0.9973,muy_dificil
285,11,11,0.9996,11,11,0.9995,12,12,0.9992,11,11,0.999,11,11,0.9987,11.2,11.2,12,0.9992,0.9987,dificil
286,13,15,0.9995,13,16,0.9995,15,15,0.9993,15,16,0.9992,17,17,0.9991,14.6,15.8,17,0.9993,0.9991,muy_dificil
287,20,20,0.9976,20,20,0.9975,20,20,0.9973,20,20,0.997,20,20,0.9967,20.0,20.0,20,0.9972,0.9967,muy_dificil
288,7,7,0.9993,7,14,0.9994,11,17,0.999,9,11,0.9983,14,20,0.9979,9.6,13.8,14,0.9988,0.9979,dificil
289,17,20,0.9997,20,20,0.9997,20,20,0.9996,20,20,0.9995,20,20,0.9994,19.4,20.0,20,0.9996,0.9994,muy_dificil
290,19,19,0.9992,19,19,0.9993,19,19,0.9989,19,19,0.9986,19,19,0.9981,19.0,19.0,19,0.9988,0.9981,muy_dificil
291,20,20,0.9994,18,18,0.9993,18,18,0.9989,18,18,0.9986,18,18,0.9983,18.4,18.4,20,0.9989,0.9983,muy_dificil
292,18,19,0.999,18,20,0.9991,18,20,0.9989,18,20,0.9989,18,20,0.9987,18.0,19.8,18,0.9989,0.9987,muy_dificil
293,13,14,0.9996,14,15,0.9994,14,17,0.9995,14,19,0.9994,14,19,0.9992,13.8,16.8,14,0.9994,0.9992,dificil
294,16,17,0.999,16,19,0.9993,16,16,0.9987,16,16,0.998,16,16,0.9971,16.0,16.8,16,0.9984,0.9971,muy_dificil
295,17,18,0.9998,18,18,0.9999,18,18,0.9998,18,18,0.9998,18,18,0.9997,17.8,18.0,18,0.9998,0.9997,muy_dificil
296,20,20,0.9994,20,20,0.9994,20,20,0.9991,20,20,0.9989,20,20,0.9986,20.0,20.0,20,0.9991,0.9986,muy_dificil
297,19,19,0.9986,19,19,0.9981,19,19,0.9968,20,20,0.9954,20,20,0.9942,19.4,19.4,20,0.9966,0.9942,muy_dificil
298,20,20,0.9972,20,20,0.9972,20,20,0.997,20,20,0.9967,20,20,0.9963,20.0,20.0,20,0.9969,0.9963,muy_dificil
299,7,7,0.9985,7,7,0.9994,7,9,0.9992,9,9,0.9991,9,10,0.9989,7.8,8.4,9,0.999,0.9985,media
300,20,20,0.9966,20,20,0.9963,20,20,0.9958,20,20,0.9953,20,20,0.9946,20.0,20.0,20,0.9957,0.9946,muy_dificil
301,19,19,0.9976,19,19,0.9975,19,19,0.9967,19,19,0.9961,19,19,0.9953,19.0,19.0,19,0.9966,0.9953,muy_dificil
302,10,10,0.9993,10,10,0.9996,10,15,0.9994,10,11,0.999,10,10,0.9986,10.0,11.2,10,0.9992,0.9986,media
303,18,18,0.9983,18,18,0.9982,18,18,0.9978,18,18,0.9973,19,19,0.9967,18.2,18.2,19,0.9976,0.9967,muy_dificil
304,9,14,0.9988,8,10,0.9985,10,11,0.9973,11,13,0.9966,13,13,0.9955,10.2,12.2,13,0.9973,0.9955,dificil
305,16,16,0.9988,16,19,0.9987,16,19,0.9983,16,19,0.9981,16,19,0.9977,16.0,18.4,16,0.9983,0.9977,muy_dificil
306,8,11,0.9993,8,8,0.9995,8,8,0.9996,12,12,0.9996,12,12,0.9995,9.6,10.2,12,0.9995,0.9993,dificil
307,17,17,0.9891,18,18,0.9894,18,18,0.9886,18,18,0.988,18,18,0.9872,17.8,17.8,18,0.9885,0.9872,muy_dificil
308,17,18,0.9977,18,20,0.9969,18,20,0.9962,18,20,0.9954,18,20,0.9947,17.8,19.6,18,0.9962,0.9947,muy_dificil
309,17,19,0.9994,20,20,0.9995,20,20,0.9992,20,20,0.999,20,20,0.9988,19.4,19.8,20,0.9992,0.9988,muy_dificil
310,13,13,0.9996,13,16,0.9998,13,17,0.9997,17,17,0.9996,16,17,0.9995,14.4,16.0,17,0.9996,0.9995,muy_dificil
311,19,19,0.9989,19,19,0.999,19,19,0.9986,20,20,0.9981,20,20,0.9976,19.4,19.4,20,0.9984,0.9976,muy_dificil
312,8,9,0.9986,7,10,0.9999,7,8,0.9998,8,8,0.9996,7,8,0.9994,7.4,8.6,8,0.9995,0.9986,media
313,12,12,0.9997,12,14,0.9997,14,17,0.9997,16,17,0.9996,17,19,0.9994,14.2,15.8,17,0.9996,0.9994,muy_dificil
314,19,19,0.998,19,19,0.9977,19,19,0.997,19,19,0.9965,19,19,0.9958,19.0,19.0,19,0.997,0.9958,muy_dificil
315,20,20,0.9984,20,20,0.9984,18,18,0.9979,18,18,0.9976,18,18,0.9974,18.8,18.8,20,0.9979,0.9974,muy_dificil
316,19,19,0.9987,20,20,0.9986,20,20,0.9984,20,20,0.9982,20,20,0.9979,19.8,19.8,20,0.9984,0.9979,muy_dificil
317,13,14,0.9991,15,16,0.999,15,15,0.9986,15,15,0.998,15,19,0.9974,14.6,15.8,15,0.9984,0.9974,dificil
318,16,16,0.9995,19,19,0.9996,19,19,0.9995,19,19,0.9991,19,19,0.9987,18.4,18.4,19,0.9993,0.9987,muy_dificil
319,19,19,0.999,19,19,0.9991,19,19,0.9988,19,19,0.9986,19,19,0.9982,19.0,19.0,19,0.9987,0.9982,muy_dificil
320,17,19,0.9996,17,20,0.9996,19,20,0.9994,19,20,0.9992,20,20,0.999,18.4,19.8,20,0.9994,0.999,muy_dificil
321,17,19,0.9993,20,20,0.9992,20,20,0.9988,20,20,0.9981,20,20,0.9976,19.4,19.8,20,0.9986,0.9976,muy_dificil
322,20,20,0.998,20,20,0.9978,20,20,0.9975,20,20,0.9973,18,18,0.9961,19.6,19.6,20,0.9973,0.9961,muy_dificil
323,19,19,0.996,19,19,0.9959,19,19,0.9954,19,19,0.9947,20,20,0.9939,19.2,19.2,20,0.9952,0.9939,muy_dificil
324,15,17,0.999,20,20,0.9989,20,20,0.9985,19,20,0.9981,15,20,0.9975,17.8,19.4,20,0.9984,0.9975,muy_dificil
325,16,17,0.9997,19,19,0.9998,20,20,0.9997,20,20,0.9996,20,20,0.9995,19.0,19.2,20,0.9997,0.9995,muy_dificil
326,17,18,0.9995,18,20,0.9996,18,20,0.9993,20,20,0.9991,20,20,0.9988,18.6,19.6,20,0.9993,0.9988,muy_dificil
327,20,20,0.9993,20,20,0.9993,20,20,0.9992,20,20,0.999,20,20,0.9987,20.0,20.0,20,0.9991,0.9987,muy_dificil
328,20,20,0.9924,20,20,0.9925,20,20,0.9922,20,20,0.9894,20,20,0.9891,20.0,20.0,20,0.9911,0.9891,muy_dificil
329,20,20,0.9955,20,20,0.9956,20,20,0.9952,20,20,0.9949,20,20,0.9946,20.0,20.0,20,0.9952,0.9946,muy_dificil
330,18,20,0.993,18,20,0.9935,18,20,0.9933,18,18,0.9929,18,18,0.9927,18.0,19.2,18,0.9931,0.9927,muy_dificil
331,19,19,0.9986,19,19,0.9987,19,19,0.9985,19,19,0.9982,20,20,0.9978,19.2,19.2,20,0.9984,0.9978,muy_dificil
332,19,20,0.9973,19,20,0.9968,19,20,0.9962,19,20,0.9957,20,20,0.9951,19.2,20.0,20,0.9962,0.9951,muy_dificil
333,19,20,0.998,20,20,0.9979,20,20,0.9975,20,20,0.9971,20,20,0.9967,19.8,20.0,20,0.9974,0.9967,muy_dificil
334,18,19,0.9907,18,20,0.991,19,19,0.9905,19,19,0.9901,19,19,0.9894,18.6,19.2,19,0.9903,0.9894,muy_dificil
335,20,20,0.9975,20,20,0.9975,20,20,0.997,20,20,0.9966,20,20,0.9961,20.0,20.0,20,0.9969,0.9961,muy_dificil
336,4,7,0.9991,4,7,0.9991,8,13,0.9991,8,8,0.9991,6,8,0.9988,6.0,8.6,8,0.999,0.9988,media
337,17,17,0.9954,17,20,0.9955,20,20,0.9951,18,20,0.9943,20,20,0.9937,18.4,19.4,20,0.9948,0.9937,muy_dificil
338,14,19,0.9995,14,19,0.9994,19,20,0.9991,19,19,0.9987,19,19,0.9984,17.0,19.2,19,0.999,0.9984,muy_dificil
339,19,19,0.9994,19,19,0.9993,19,19,0.9991,19,19,0.999,19,19,0.9988,19.0,19.0,19,0.9991,0.9988,muy_dificil
340,19,20,0.9954,19,20,0.9954,20,20,0.9952,20,20,0.9949,20,20,0.9947,19.6,20.0,20,0.9951,0.9947,muy_dificil
341,19,19,0.9984,19,19,0.998,19,19,0.9975,19,19,0.9971,19,19,0.9965,19.0,19.0,19,0.9975,0.9965,muy_dificil
342,17,20,0.9985,20,20,0.9981,20,20,0.9975,18,18,0.9967,18,18,0.996,18.6,19.2,20,0.9974,0.996,muy_dificil
343,20,20,0.9895,20,20,0.9893,20,20,0.9889,20,20,0.9883,18,18,0.9872,19.6,19.6,20,0.9886,0.9872,muy_dificil
344,10,11,0.999,11,15,0.9988,10,12,0.9987,14,15,0.9982,14,14,0.9978,11.8,13.4,14,0.9985,0.9978,dificil
345,19,19,0.9972,19,19,0.997,19,19,0.9967,19,19,0.9962,19,19,0.9957,19.0,19.0,19,0.9965,0.9957,muy_dificil
346,20,20,0.9996,20,20,0.9995,20,20,0.9992,20,20,0.9989,15,18,0.9986,19.0,19.6,20,0.9992,0.9986,muy_dificil
347,19,19,0.9988,19,19,0.9989,19,19,0.9987,19,20,0.9985,19,19,0.9982,19.0,19.2,19,0.9986,0.9982,muy_dificil
348,16,17,0.9998,18,19,0.9997,18,18,0.9996,18,18,0.9995,18,19,0.9993,17.6,18.2,18,0.9996,0.9993,muy_dificil
349,19,19,0.9971,19,19,0.9972,19,19,0.9968,20,20,0.9965,20,20,0.9961,19.4,19.4,20,0.9967,0.9961,muy_dificil
350,17,17,0.9996,17,20,0.9997,18,20,0.9995,18,20,0.9993,18,18,0.9991,17.6,19.0,18,0.9995,0.9991,muy_dificil
351,19,19,0.9969,19,19,0.997,19,19,0.9964,19,19,0.9957,19,20,0.995,19.0,19.2,19,0.9962,0.995,muy_dificil
352,19,19,0.9994,19,19,0.9994,20,20,0.999,20,20,0.9987,20,20,0.9983,19.6,19.6,20,0.999,0.9983,muy_dificil
353,19,19,0.9966,19,19,0.9968,19,19,0.9962,19,19,0.9956,20,20,0.9947,19.2,19.2,20,0.996,0.9947,muy_dificil
354,15,20,0.9986,18,18,0.998,18,18,0.997,18,18,0.9959,18,18,0.9947,17.4,18.4,18,0.9968,0.9947,muy_dificil
355,20,20,0.989,20,20,0.9892,20,20,0.9885,20,20,0.9876,20,20,0.9868,20.0,20.0,20,0.9882,0.9868,muy_dificil
356,20,20,0.9965,20,20,0.9965,20,20,0.9959,20,20,0.9954,20,20,0.9945,20.0,20.0,20,0.9958,0.9945,muy_dificil
357,19,19,0.9988,19,19,0.9986,19,19,0.9982,20,20,0.9977,20,20,0.9973,19.4,19.4,20,0.9981,0.9973,muy_dificil
358,9,13,0.9981,8,9,0.9978,9,10,0.9968,9,10,0.9953,10,20,0.9939,9.0,12.4,10,0.9964,0.9939,media
359,19,19,0.9987,19,19,0.9983,19,19,0.9978,19,19,0.9974,19,19,0.9969,19.0,19.0,19,0.9978,0.9969,muy_dificil
360,13,13,0.9815,13,13,0.9657,13,15,0.9307,13,14,0.8875,15,15,0.8604,13.4,14.0,15,0.9252,0.8604,dificil
361,11,12,0.9997,13,13,0.9999,11,14,0.9999,13,14,0.9999,13,15,0.9999,12.2,13.6,13,0.9999,0.9997,dificil
362,19,19,0.9994,19,19,0.9996,19,19,0.9995,19,19,0.9993,19,20,0.9993,19.0,19.2,19,0.9994,0.9993,muy_dificil
363,19,19,0.9981,20,20,0.998,20,20,0.9978,20,20,0.9976,20,20,0.9974,19.8,19.8,20,0.9978,0.9974,muy_dificil
364,20,20,0.993,20,20,0.9928,20,20,0.9926,20,20,0.9922,20,20,0.9918,20.0,20.0,20,0.9925,0.9918,muy_dificil
365,17,20,0.9991,20,20,0.9988,20,20,0.9978,20,20,0.9971,20,20,0.9961,19.4,20.0,20,0.9978,0.9961,muy_dificil
366,9,9,0.999,9,16,0.9991,9,17,0.9984,9,17,0.9979,12,17,0.9973,9.6,15.2,12,0.9984,0.9973,dificil
367,19,19,0.9983,19,19,0.9985,19,19,0.998,19,19,0.9972,20,20,0.9962,19.2,19.2,20,0.9976,0.9962,muy_dificil
368,20,20,0.9962,20,20,0.9964,20,20,0.996,18,18,0.994,18,18,0.9936,19.2,19.2,20,0.9953,0.9936,muy_dificil
369,13,14,0.9989,13,13,0.9992,13,14,0.9987,13,18,0.9983,19,19,0.9977,14.2,15.6,19,0.9986,0.9977,muy_dificil
370,19,19,0.9969,19,19,0.9971,19,19,0.9967,19,19,0.9963,20,20,0.9957,19.2,19.2,20,0.9965,0.9957,muy_dificil
371,20,20,0.993,20,20,0.9929,20,20,0.9927,20,20,0.989,20,20,0.9886,20.0,20.0,20,0.9912,0.9886,muy_dificil
372,15,16,0.9996,16,19,0.9997,19,19,0.9998,19,20,0.9997,20,20,0.9997,17.8,18.8,20,0.9997,0.9996,muy_dificil
373,20,20,0.9987,20,20,0.9986,20,20,0.9981,20,20,0.9975,20,20,0.997,20.0,20.0,20,0.998,0.997,muy_dificil
374,10,10,0.9995,13,15,0.9995,14,14,0.9994,13,15,0.9993,13,16,0.9991,12.6,14.0,14,0.9993,0.9991,dificil
375,18,19,0.9996,19,19,0.9996,19,19,0.9994,19,19,0.9992,19,19,0.999,18.8,19.0,19,0.9994,0.999,muy_dificil
376,17,20,0.9991,20,20,0.9991,18,18,0.9985,18,18,0.9982,18,18,0.9977,18.2,18.8,20,0.9985,0.9977,muy_dificil
377,11,13,0.9996,12,15,0.9997,13,15,0.9996,18,18,0.9994,15,15,0.9993,13.8,15.2,18,0.9995,0.9993,muy_dificil
378,19,19,0.9948,19,19,0.9939,19,19,0.9919,19,19,0.9902,19,19,0.9878,19.0,19.0,19,0.9917,0.9878,muy_dificil
379,20,20,0.9983,20,20,0.998,20,20,0.9976,20,20,0.997,20,20,0.9966,20.0,20.0,20,0.9975,0.9966,muy_dificil
380,18,18,0.9995,18,18,0.9996,18,18,0.9995,18,18,0.9993,18,18,0.9992,18.0,18.0,18,0.9994,0.9992,muy_dificil
381,19,20,0.998,20,20,0.998,20,20,0.9978,20,20,0.9976,20,20,0.9973,19.8,20.0,20,0.9977,0.9973,muy_dificil
382,19,20,0.9993,19,20,0.9993,20,20,0.9989,20,20,0.9986,20,20,0.9982,19.6,20.0,20,0.9989,0.9982,muy_dificil
383,19,19,0.9993,19,20,0.9993,19,19,0.999,19,19,0.9988,20,20,0.9985,19.2,19.4,20,0.999,0.9985,muy_dificil
384,16,19,0.9994,19,19,0.9995,19,19,0.9993,19,19,0.999,20,20,0.9987,18.6,19.2,20,0.9992,0.9987,muy_dificil
385,9,9,0.9955,9,9,0.9953,9,12,0.9902,9,13,0.984,9,13,0.9782,9.0,11.2,9,0.9886,0.9782,media
386,8,10,0.9998,8,14,0.9998,8,14,0.9997,12,15,0.9997,14,15,0.9996,10.0,13.6,14,0.9997,0.9996,dificil
387,19,19,0.9844,19,20,0.9835,19,19,0.9828,19,19,0.9819,19,20,0.9809,19.0,19.4,19,0.9827,0.9809,muy_dificil
388,19,19,0.9908,19,19,0.9904,19,19,0.9896,19,19,0.9886,19,19,0.9874,19.0,19.0,19,0.9894,0.9874,muy_dificil
389,18,18,0.9857,18,20,0.9854,18,19,0.9849,18,20,0.9845,18,20,0.9838,18.0,19.4,18,0.9849,0.9838,muy_dificil
390,11,13,0.9913,13,15,0.994,14,17,0.9869,17,17,0.9815,17,17,0.9741,14.4,15.8,17,0.9856,0.9741,muy_dificil
391,19,19,0.9938,19,20,0.9941,19,19,0.9936,19,20,0.9931,20,20,0.9922,19.2,19.6,20,0.9934,0.9922,muy_dificil
392,17,17,0.9994,17,17,0.9994,17,17,0.9992,17,17,0.9989,17,17,0.9986,17.0,17.0,17,0.9991,0.9986,muy_dificil
393,17,20,0.9896,17,20,0.9897,17,20,0.9895,17,20,0.9892,20,20,0.9892,17.6,20.0,20,0.9894,0.9892,muy_dificil
394,20,20,0.9997,20,20,0.9997,20,20,0.9994,20,20,0.9992,20,20,0.9989,20.0,20.0,20,0.9994,0.9989,muy_dificil
395,11,13,0.999,11,15,0.9992,11,16,0.9986,16,16,0.9981,16,16,0.9974,13.0,15.2,16,0.9985,0.9974,muy_dificil
396,4,13,0.9961,7,9,0.9974,9,12,0.9957,9,9,0.9947,9,12,0.9929,7.6,11.0,9,0.9954,0.9929,media
397,19,19,0.9992,20,20,0.9992,20,20,0.9988,20,20,0.9986,20,20,0.9982,19.8,19.8,20,0.9988,0.9982,muy_dificil
398,20,20,0.9992,20,20,0.9992,20,20,0.9989,20,20,0.9986,20,20,0.9981,20.0,20.0,20,0.9988,0.9981,muy_dificil
399,20,20,0.9989,20,20,0.999,20,20,0.9989,20,20,0.998,20,20,0.9978,20.0,20.0,20,0.9985,0.9978,muy_dificil
400,12,16,0.9995,12,13,0.999,12,12,0.9984,12,15,0.9984,12,13,0.9978,12.0,13.8,12,0.9986,0.9978,dificil
401,20,20,0.9965,20,20,0.9965,20,20,0.9963,20,20,0.9961,20,20,0.9958,20.0,20.0,20,0.9962,0.9958,muy_dificil
402,19,19,0.9973,19,19,0.997,19,19,0.9966,20,20,0.9962,20,20,0.9958,19.4,19.4,20,0.9966,0.9958,muy_dificil
403,20,20,0.9976,20,20,0.9977,20,20,0.9971,20,20,0.9966,20,20,0.996,20.0,20.0,20,0.997,0.996,muy_dificil
404,15,15,0.9997,18,18,0.9996,19,19,0.9994,19,19,0.9993,19,19,0.9992,18.0,18.0,19,0.9994,0.9992,muy_dificil
405,18,18,0.9992,16,16,0.9998,16,16,0.9996,16,19,0.9994,17,18,0.9993,16.6,17.4,18,0.9994,0.9992,muy_dificil
406,20,20,0.997,20,20,0.997,20,20,0.9966,20,20,0.9963,20,20,0.996,20.0,20.0,20,0.9966,0.996,muy_dificil
407,17,20,0.9965,18,20,0.9965,18,18,0.9962,18,18,0.9958,18,18,0.9954,17.8,18.8,18,0.9961,0.9954,muy_dificil
408,4,4,0.9991,7,7,0.9994,7,7,0.999,7,9,0.9981,7,11,0.9975,6.4,7.6,7,0.9986,0.9975,media
409,19,19,0.9992,19,19,0.9993,20,20,0.9987,20,20,0.9982,20,20,0.9975,19.6,19.6,20,0.9986,0.9975,muy_dificil
410,11,12,0.9993,11,12,0.9986,12,14,0.9981,12,14,0.9975,14,16,0.9967,12.0,13.6,14,0.998,0.9967,dificil
411,14,18,0.9998,15,18,1.0,16,18,0.9999,18,18,0.9999,18,18,0.9998,16.2,18.0,18,0.9999,0.9998,muy_dificil
412,14,14,0.9995,17,17,0.9985,17,19,0.9974,17,19,0.9969,17,20,0.996,16.4,17.8,17,0.9977,0.996,muy_dificil
413,6,7,0.999,5,5,0.9989,5,7,0.9987,7,8,0.9987,7,9,0.9985,6.0,7.2,7,0.9988,0.9985,media
414,18,20,0.9989,20,20,0.9993,20,20,0.9989,20,20,0.9985,20,20,0.9979,19.6,20.0,20,0.9987,0.9979,muy_dificil
415,7,7,0.9981,13,13,0.9951,13,15,0.9907,15,15,0.9867,15,17,0.9817,12.6,13.4,15,0.9905,0.9817,dificil
416,16,17,0.9995,17,19,0.9996,16,17,0.9996,16,19,0.9994,19,19,0.9993,16.8,18.2,19,0.9995,0.9993,muy_dificil
417,8,8,0.9995,8,8,0.9997,8,12,0.9998,12,12,0.9998,12,15,0.9998,9.6,11.0,12,0.9997,0.9995,dificil
418,17,20,0.9889,20,20,0.9894,20,20,0.989,20,20,0.9884,20,20,0.9878,19.4,20.0,20,0.9887,0.9878,muy_dificil
419,19,20,0.9974,20,20,0.9973,20,20,0.9965,20,20,0.9958,20,20,0.995,19.8,20.0,20,0.9964,0.995,muy_dificil
420,19,19,0.9948,20,20,0.994,20,20,0.9926,20,20,0.9917,20,20,0.9905,19.8,19.8,20,0.9927,0.9905,muy_dificil
421,18,19,0.9996,19,19,0.9997,19,19,0.9994,19,19,0.9992,19,19,0.999,18.8,19.0,19,0.9994,0.999,muy_dificil
422,12,12,0.9995,12,15,0.9997,13,14,0.9997,14,14,0.9997,14,14,0.9996,13.0,13.8,14,0.9996,0.9995,dificil
423,13,14,0.9977,13,18,0.9989,18,18,0.9977,15,18,0.997,18,18,0.9957,15.4,17.2,18,0.9974,0.9957,muy_dificil
424,17,20,0.9996,19,20,0.9996,20,20,0.9995,20,20,0.9992,20,20,0.9989,19.2,20.0,20,0.9994,0.9989,muy_dificil
425,9,12,0.9996,14,16,0.9999,14,16,0.9999,14,17,0.9999,16,17,0.9999,13.4,15.6,16,0.9998,0.9996,muy_dificil
426,12,17,0.9992,18,18,0.9993,18,18,0.9983,18,20,0.9975,18,18,0.9965,16.8,18.2,18,0.9982,0.9965,muy_dificil
427,17,19,0.9997,19,20,0.9997,20,20,0.9995,20,20,0.9993,20,20,0.9992,19.2,19.8,20,0.9995,0.9992,muy_dificil
428,15,19,0.9933,15,19,0.9928,15,19,0.9918,19,19,0.9912,15,20,0.9897,15.8,19.2,19,0.9918,0.9897,muy_dificil
429,17,20,0.9994,19,20,0.9994,19,19,0.9991,19,20,0.9988,20,20,0.9985,18.8,19.8,20,0.9991,0.9985,muy_dificil
430,16,19,0.9949,16,19,0.9946,18,19,0.9945,19,19,0.9941,18,19,0.9932,17.4,19.0,19,0.9943,0.9932,muy_dificil
431,20,20,0.9995,20,20,0.9995,20,20,0.9993,20,20,0.9992,20,20,0.999,20.0,20.0,20,0.9993,0.999,muy_dificil
432,17,20,0.9958,20,20,0.9957,20,20,0.9954,20,20,0.9951,18,18,0.9947,19.0,19.6,20,0.9954,0.9947,muy_dificil
433,16,19,0.9996,20,20,0.9996,20,20,0.9993,20,20,0.999,20,20,0.9986,19.2,19.8,20,0.9992,0.9986,muy_dificil
434,20,20,0.9981,20,20,0.9982,20,20,0.9979,20,20,0.9976,20,20,0.9973,20.0,20.0,20,0.9978,0.9973,muy_dificil
435,17,17,0.9992,17,19,0.9995,17,18,0.9989,17,17,0.9987,17,20,0.9983,17.0,18.2,17,0.9989,0.9983,muy_dificil
436,6,6,0.9981,8,8,0.999,8,8,0.9981,8,8,0.9971,8,8,0.9961,7.6,7.6,8,0.9977,0.9961,media
437,14,15,0.9997,16,19,0.9992,16,16,0.9991,16,20,0.9988,16,20,0.9987,15.6,18.0,16,0.9991,0.9987,muy_dificil
438,11,12,0.9994,12,12,0.9994,12,14,0.9988,12,14,0.9982,12,13,0.9975,11.8,13.0,12,0.9987,0.9975,dificil
439,10,10,0.999,10,13,0.9985,10,13,0.9977,10,17,0.997,10,15,0.9961,10.0,13.6,10,0.9976,0.9961,media
440,20,20,0.9991,20,20,0.9989,20,20,0.9985,20,20,0.9981,20,20,0.9975,20.0,20.0,20,0.9984,0.9975,muy_dificil
441,15,16,0.9996,16,18,0.9998,16,16,0.9996,18,18,0.9994,18,18,0.9992,16.6,17.2,18,0.9996,0.9992,muy_dificil
442,19,19,0.9995,19,19,0.9993,20,20,0.9987,20,20,0.9983,20,20,0.9975,19.6,19.6,20,0.9987,0.9975,muy_dificil
443,19,19,0.997,18,20,0.9969,18,20,0.9967,20,20,0.9965,20,20,0.9961,19.0,19.8,20,0.9966,0.9961,muy_dificil
444,20,20,0.9972,20,20,0.9973,20,20,0.9969,20,20,0.9966,20,20,0.9961,20.0,20.0,20,0.9968,0.9961,muy_dificil
445,17,17,0.9923,17,17,0.9924,17,17,0.9921,17,17,0.9916,17,17,0.9911,17.0,17.0,17,0.9919,0.9911,muy_dificil
446,19,20,0.9943,19,20,0.9934,20,20,0.9923,20,20,0.9913,20,20,0.9902,19.6,20.0,20,0.9923,0.9902,muy_dificil
447,10,10,0.9971,10,10,0.9959,10,14,0.9933,11,14,0.9912,10,15,0.9882,10.2,12.6,11,0.9931,0.9882,dificil
448,20,20,0.9997,20,20,0.9996,20,20,0.9995,20,20,0.9994,20,20,0.9992,20.0,20.0,20,0.9995,0.9992,muy_dificil
449,20,20,0.9977,19,19,0.9973,19,19,0.9966,19,19,0.9958,20,20,0.9951,19.4,19.4,20,0.9965,0.9951,muy_dificil
450,20,20,0.998,20,20,0.9979,20,20,0.9975,20,20,0.9971,20,20,0.9967,20.0,20.0,20,0.9974,0.9967,muy_dificil
451,14,17,0.9998,17,19,0.9998,17,19,0.9998,19,19,0.9997,19,19,0.9996,17.2,18.6,19,0.9997,0.9996,muy_dificil
452,17,17,0.999,18,20,0.9992,18,20,0.9989,18,20,0.9985,18,18,0.9981,17.8,19.0,18,0.9987,0.9981,muy_dificil
453,17,17,0.9996,16,19,0.9995,17,19,0.9993,20,20,0.9992,19,20,0.9992,17.8,19.0,20,0.9994,0.9992,muy_dificil
454,19,19,0.9789,20,20,0.9776,20,20,0.9771,20,20,0.9766,20,20,0.976,19.8,19.8,20,0.9772,0.976,muy_dificil
455,17,17,0.9955,17,17,0.9953,17,17,0.9948,17,17,0.9945,17,17,0.9939,17.0,17.0,17,0.9948,0.9939,muy_dificil
456,17,19,0.9998,19,19,0.9998,20,20,0.9997,19,19,0.9996,19,20,0.9995,18.8,19.4,20,0.9997,0.9995,muy_dificil
457,20,20,0.9993,18,18,0.999,18,18,0.9985,18,18,0.9981,18,18,0.9976,18.4,18.4,20,0.9985,0.9976,muy_dificil
458,16,20,0.9996,20,20,0.9996,20,20,0.9993,20,20,0.999,20,20,0.9987,19.2,20.0,20,0.9992,0.9987,muy_dificil
459,14,14,0.9989,17,17,0.9976,17,20,0.9967,17,20,0.9954,17,20,0.9941,16.4,18.2,17,0.9965,0.9941,muy_dificil
460,19,19,0.998,19,19,0.9981,19,19,0.9976,20,20,0.9971,20,20,0.9965,19.4,19.4,20,0.9975,0.9965,muy_dificil
461,12,15,0.9987,12,15,0.9986,14,15,0.998,12,15,0.997,14,16,0.9963,12.8,15.2,14,0.9977,0.9963,dificil
462,19,19,0.9991,19,19,0.9991,20,20,0.9986,20,20,0.9985,20,20,0.9983,19.6,19.6,20,0.9987,0.9983,muy_dificil
463,17,17,0.9948,17,20,0.9953,17,20,0.9936,17,20,0.9922,17,20,0.9905,17.0,19.4,17,0.9933,0.9905,muy_dificil
464,17,20,0.9969,20,20,0.997,20,20,0.9964,20,20,0.9961,20,20,0.9954,19.4,20.0,20,0.9964,0.9954,muy_dificil
465,20,20,0.9983,20,20,0.9983,20,20,0.9982,20,20,0.998,20,20,0.9979,20.0,20.0,20,0.9981,0.9979,muy_dificil
466,12,12,0.9995,12,16,0.9995,12,13,0.9992,12,16,0.9991,12,19,0.9989,12.0,15.2,12,0.9992,0.9989,dificil
467,19,19,0.9969,19,19,0.997,20,20,0.9964,20,20,0.9962,20,20,0.996,19.6,19.6,20,0.9965,0.996,muy_dificil
468,6,9,0.9991,9,9,0.9991,9,9,0.9982,11,11,0.9974,9,12,0.9963,8.8,10.0,11,0.998,0.9963,dificil
469,13,17,0.9993,11,15,0.9994,13,14,0.999,13,14,0.9986,13,13,0.9982,12.6,14.6,13,0.9989,0.9982,dificil
470,17,20,0.9993,20,20,0.9993,20,20,0.999,20,20,0.9986,20,20,0.9983,19.4,20.0,20,0.9989,0.9983,muy_dificil
471,20,20,0.9953,20,20,0.9954,20,20,0.9946,20,20,0.9927,20,20,0.9917,20.0,20.0,20,0.994,0.9917,muy_dificil
472,20,20,0.9942,20,20,0.9941,20,20,0.9899,20,20,0.9896,20,20,0.9891,20.0,20.0,20,0.9914,0.9891,muy_dificil
473,19,19,0.993,20,20,0.9924,20,20,0.9919,20,20,0.9916,20,20,0.991,19.8,19.8,20,0.992,0.991,muy_dificil
474,11,13,0.9992,14,15,0.9993,11,15,0.999,14,14,0.999,15,15,0.9987,13.0,14.4,15,0.9991,0.9987,dificil
475,20,20,0.9942,20,20,0.9941,20,20,0.9933,20,20,0.9925,20,20,0.9917,20.0,20.0,20,0.9932,0.9917,muy_dificil
476,17,19,0.9961,17,17,0.996,17,17,0.9956,17,17,0.9952,20,20,0.9948,17.6,18.0,20,0.9955,0.9948,muy_dificil
477,17,17,0.9972,17,17,0.9973,17,17,0.997,17,17,0.9968,17,17,0.9965,17.0,17.0,17,0.9969,0.9965,muy_dificil
478,5,8,0.9984,5,8,0.9976,8,8,0.9959,8,8,0.9943,8,10,0.9933,6.8,8.4,8,0.9959,0.9933,media
479,17,18,0.9933,17,18,0.993,18,18,0.9928,18,20,0.9926,18,20,0.9925,17.6,18.8,18,0.9928,0.9925,muy_dificil
480,20,20,0.9986,20,20,0.9988,20,20,0.9983,20,20,0.9978,20,20,0.9972,20.0,20.0,20,0.9981,0.9972,muy_dificil
481,19,19,0.9994,19,19,0.9994,20,20,0.9989,20,20,0.9986,20,20,0.9981,19.6,19.6,20,0.9989,0.9981,muy_dificil
482,10,15,0.9995,12,12,0.9997,12,12,0.9994,15,15,0.9989,15,16,0.9984,12.8,14.0,15,0.9992,0.9984,dificil
483,8,10,0.9994,11,11,0.9997,14,17,0.9995,14,14,0.9995,14,14,0.9994,12.2,13.2,14,0.9995,0.9994,dificil
484,20,20,0.9864,20,20,0.9863,20,20,0.9858,20,20,0.9854,20,20,0.9848,20.0,20.0,20,0.9857,0.9848,muy_dificil
485,20,20,0.9997,20,20,0.9997,20,20,0.9995,20,20,0.9994,20,20,0.9991,20.0,20.0,20,0.9995,0.9991,muy_dificil
486,14,16,0.9995,17,18,0.9995,17,17,0.9994,17,17,0.9991,17,18,0.999,16.4,17.2,17,0.9993,0.999,muy_dificil
487,12,12,0.9993,12,12,0.9989,12,12,0.9984,12,12,0.9981,12,13,0.9978,12.0,12.2,12,0.9985,0.9978,dificil
488,20,20,0.9989,20,20,0.9989,20,20,0.9987,20,20,0.9985,20,20,0.9983,20.0,20.0,20,0.9987,0.9983,muy_dificil
489,19,19,0.998,19,20,0.9981,19,20,0.9979,20,20,0.9977,20,20,0.9973,19.4,19.8,20,0.9978,0.9973,muy_dificil
490,19,19,0.9992,20,20,0.9994,20,20,0.9988,20,20,0.9984,20,20,0.9977,19.8,19.8,20,0.9987,0.9977,muy_dificil
491,7,8,0.9986,12,13,0.9997,10,15,0.9998,11,15,0.9997,12,15,0.9996,10.4,13.2,12,0.9995,0.9986,dificil
492,7,10,0.9993,9,12,0.9992,9,9,0.9984,12,12,0.998,9,11,0.9975,9.2,10.8,12,0.9985,0.9975,dificil
493,19,19,0.997,19,19,0.9968,19,19,0.9958,19,19,0.995,19,19,0.9938,19.0,19.0,19,0.9957,0.9938,muy_dificil
494,20,20,0.9954,20,20,0.9951,20,20,0.9943,20,20,0.9934,20,20,0.9923,20.0,20.0,20,0.9941,0.9923,muy_dificil
495,17,18,0.9876,18,18,0.9877,18,19,0.986,18,19,0.9848,18,19,0.9833,17.8,18.6,18,0.9859,0.9833,muy_dificil
496,20,20,0.9993,20,20,0.9993,20,20,0.999,18,18,0.9984,18,18,0.9979,19.2,19.2,20,0.9987,0.9979,muy_dificil
497,20,20,0.999,20,20,0.9989,20,20,0.9987,20,20,0.9986,20,20,0.9984,20.0,20.0,20,0.9987,0.9984,muy_dificil
498,9,12,0.9993,12,12,0.9994,13,13,0.9992,12,12,0.9989,13,13,0.9986,11.8,12.4,13,0.9991,0.9986,dificil
499,15,19,0.9995,17,19,0.9997,18,19,0.9995,18,19,0.9992,18,18,0.9988,17.2,18.8,18,0.9993,0.9988,muy_dificil
500,20,20,0.9997,20,20,0.9997,20,20,0.9996,20,20,0.9994,20,20,0.9993,20.0,20.0,20,0.9995,0.9993,muy_dificil
