curva,n_puntos,mejor_metodo,r2_mejor,poly_r2,poly_rmse,poly_mae,poly_max_ae,poly_n_params,poly_degree,gauss_r2,gauss_rmse,gauss_mae,gauss_max_ae,gauss_n_params,gauss_n_campanas,spline_r2,spline_rmse,spline_mae,spline_max_ae,spline_n_params,spline_n_knots
1,1000,gaussianas,0.999808,0.998558,0.605275,0.507003,1.620804,15,14,0.999808,0.220796,0.163115,0.993206,25,8,0.999606,0.316222,0.260024,0.986392,22,17
2,1000,gaussianas,0.999839,0.989788,1.492052,1.129767,3.945981,21,20,0.999839,0.187608,0.151662,0.834483,25,8,0.999541,0.316228,0.263644,0.731023,20,15
3,1000,gaussianas,0.999996,0.999667,0.393149,0.29787,1.002031,21,20,0.999996,0.043979,0.03477,0.102228,25,8,0.999785,0.316084,0.218901,0.821624,16,11
4,1000,polinomio,0.999999,0.999999,0.011838,0.010019,0.044601,21,20,0.999977,0.057835,0.029886,0.717324,25,8,0.999309,0.316227,0.274215,0.58892,10,5
5,1000,gaussianas,0.999978,0.999096,0.342603,0.29417,1.180947,21,20,0.999978,0.05287,0.038776,0.135915,25,8,0.999229,0.316226,0.270464,0.608187,14,9
6,1000,gaussianas,1.0,0.999999,0.025722,0.022129,0.056224,20,19,1.0,0.012672,0.010036,0.080141,25,8,0.999874,0.316233,0.263763,1.100354,13,8
7,1000,polinomio,1.0,1.0,0.002388,0.002048,0.007075,21,20,0.999995,0.033299,0.019134,0.402259,25,8,0.999571,0.316226,0.2669,1.177815,8,3
8,1000,gaussianas,0.999853,0.999231,0.353001,0.290029,1.114076,21,20,0.999853,0.154187,0.100975,1.342794,25,8,0.999383,0.316236,0.247436,0.760279,18,13
9,1000,polinomio,0.999728,0.999728,0.130624,0.105147,0.290351,20,19,0.999682,0.141236,0.061716,1.638588,25,8,0.998404,0.316226,0.259484,1.064792,10,5
10,1000,gaussianas,0.999936,0.999749,0.177388,0.142663,0.80293,19,18,0.999936,0.089483,0.071294,0.216165,25,8,0.999203,0.316236,0.259877,0.967107,14,9
11,1000,gaussianas,0.999995,0.998025,0.822705,0.639323,4.089097,21,20,0.999995,0.042339,0.029976,0.281121,25,8,0.999708,0.316275,0.249991,1.138303,17,12
12,1000,gaussianas,0.999992,0.999965,0.128632,0.110771,0.322648,20,19,0.999992,0.062224,0.036928,0.625608,25,8,0.999788,0.31622,0.247662,0.722814,13,8
13,1000,gaussianas,0.999897,0.993704,0.780551,0.581218,2.07925,21,20,0.999897,0.099689,0.081889,0.21909,25,8,0.998967,0.316219,0.274651,0.995573,18,13
14,1000,gaussianas,0.999773,0.999542,0.398235,0.323966,0.853456,21,20,0.999773,0.280283,0.180043,2.215981,25,8,0.999711,0.316213,0.257947,0.790576,20,15
15,1000,gaussianas,0.999987,0.999139,0.385432,0.279446,2.053613,21,20,0.999987,0.046964,0.030987,0.249284,25,8,0.99942,0.31623,0.249329,0.879628,16,11
16,1000,polinomio,0.999908,0.999908,0.138401,0.104568,0.391655,19,18,0.999807,0.200293,0.097162,2.260156,25,8,0.99952,0.316125,0.258083,0.899882,14,9
17,1000,gaussianas,0.999999,0.999992,0.036168,0.031266,0.120907,21,20,0.999999,0.015243,0.009873,0.111696,25,8,0.999401,0.316202,0.246291,0.747778,12,7
18,1000,gaussianas,0.99996,0.998906,0.532532,0.403443,1.591471,19,18,0.99996,0.101782,0.073845,0.25604,25,8,0.999614,0.316256,0.210569,1.03729,17,12
19,1000,gaussianas,1.0,0.999984,0.048769,0.038501,0.167856,21,20,1.0,0.003213,0.00246,0.009417,25,8,0.999311,0.316349,0.251172,1.073751,11,6
20,1000,spline,0.999614,0.998727,0.574238,0.466871,1.141318,20,19,0.999386,0.39863,0.290221,2.347777,25,8,0.999614,0.31623,0.257047,0.759855,20,15
21,1000,gaussianas,0.999991,0.999421,0.372004,0.268219,1.656847,21,20,0.999991,0.046643,0.033178,0.118185,25,8,0.999582,0.316212,0.265103,1.082466,15,10
22,1000,gaussianas,0.999923,0.999263,0.477332,0.381994,1.872478,21,20,0.999923,0.154172,0.115856,0.400594,25,8,0.999677,0.316225,0.254926,0.759823,20,15
23,1000,gaussianas,0.999984,0.999909,0.166023,0.12999,0.820941,21,20,0.999984,0.070798,0.049906,0.232195,25,8,0.999672,0.316276,0.260546,0.707626,16,11
24,1000,gaussianas,0.999994,0.999821,0.205071,0.15406,0.70345,21,20,0.999994,0.036334,0.02571,0.132366,25,8,0.999574,0.316239,0.266452,0.683137,16,11
25,1000,gaussianas,0.999996,0.999924,0.187259,0.12675,0.517514,18,17,0.999996,0.040357,0.027881,0.109761,25,8,0.999782,0.316266,0.252798,0.887576,16,11
26,1000,gaussianas,0.999954,0.999211,0.377173,0.322351,1.044422,21,20,0.999954,0.090679,0.073429,0.205973,25,8,0.999446,0.316083,0.263839,0.667493,21,16
27,1000,gaussianas,0.999875,0.997053,0.914145,0.696072,2.587996,19,18,0.999875,0.188199,0.141714,0.534315,25,8,0.999647,0.316226,0.245859,1.037601,18,13
28,1000,polinomio,0.999994,0.999994,0.024973,0.020664,0.058912,20,19,0.999833,0.133721,0.079782,1.350893,25,8,0.999064,0.316179,0.274321,0.703689,9,4
29,1000,spline,0.99939,0.994652,0.936442,0.731118,2.2254,21,20,0.997449,0.646685,0.444558,3.647757,25,8,0.99939,0.316334,0.252252,1.125376,22,17
30,1000,spline,0.999641,0.994744,1.210822,0.939436,2.943242,19,18,0.999386,0.413876,0.360605,1.015189,25,8,0.999641,0.316317,0.238635,0.900756,23,18
31,1000,polinomio,1.0,1.0,0.00431,0.003099,0.012264,21,20,0.999988,0.065831,0.043009,0.68505,25,8,0.999717,0.316236,0.270305,0.93992,8,3
32,1000,gaussianas,1.0,0.999998,0.011649,0.010062,0.036236,20,19,1.0,0.001616,0.001332,0.004655,22,7,0.999753,0.131784,0.099095,0.523796,7,2
33,1000,polinomio,1.0,1.0,0.001195,0.000928,0.003142,21,20,0.999967,0.066152,0.041446,0.755028,25,8,0.999934,0.09372,0.074541,0.398614,7,2
34,1000,gaussianas,0.999914,0.999209,0.364231,0.301275,0.932018,19,18,0.999914,0.120384,0.093197,0.409667,25,8,0.999403,0.316318,0.26605,0.757238,18,13
35,1000,gaussianas,0.999983,0.999529,0.40171,0.34115,0.977224,19,18,0.999983,0.075754,0.064375,0.285184,22,7,0.999708,0.316227,0.261354,0.835876,16,11
36,1000,gaussianas,0.999978,0.999521,0.349977,0.297244,1.181554,20,19,0.999978,0.074699,0.058282,0.20093,25,8,0.999609,0.316213,0.258789,0.853023,19,14
37,1000,gaussianas,0.999873,0.999532,0.24148,0.20591,1.129682,19,18,0.999873,0.12592,0.080014,0.835829,25,8,0.999198,0.316129,0.257328,0.772731,16,11
38,1000,polinomio,1.0,1.0,0.003529,0.002901,0.013251,20,19,0.999987,0.062557,0.037493,0.476428,22,7,0.999657,0.316287,0.268073,1.068661,8,3
39,1000,polinomio,0.99996,0.99996,0.125384,0.108478,0.571354,20,19,0.999899,0.198824,0.127808,1.395914,25,8,0.999743,0.316228,0.259233,0.717903,14,9
40,1000,polinomio,0.999949,0.999949,0.141091,0.119834,0.430622,19,18,0.999949,0.141583,0.091065,0.579349,25,8,0.999744,0.316308,0.269254,0.662812,19,14
41,1000,spline,0.999622,0.996517,0.960359,0.773164,2.16671,20,19,0.998988,0.517668,0.338429,4.182269,25,8,0.999622,0.316229,0.254912,0.707477,26,21
42,1000,gaussianas,0.999539,0.999225,0.306237,0.238394,0.949336,19,18,0.999539,0.23617,0.125859,2.675028,25,8,0.999175,0.316102,0.260322,0.785243,17,12
43,1000,gaussianas,0.999948,0.996022,1.135979,0.834964,3.226466,21,20,0.999948,0.12964,0.074658,0.849355,25,8,0.999692,0.316253,0.270081,0.918975,18,13
44,1000,polinomio,0.999978,0.999978,0.050705,0.039917,0.149623,21,20,0.99996,0.068694,0.045521,0.548477,25,8,0.999142,0.316213,0.253761,0.751771,14,9
45,1000,gaussianas,0.999888,0.995928,1.238789,1.001763,2.738075,21,20,0.999888,0.205017,0.158388,1.115824,25,8,0.999734,0.316339,0.269335,0.590498,21,16
46,1000,gaussianas,0.99978,0.998201,0.868245,0.702494,2.456819,21,20,0.99978,0.303593,0.233829,1.349712,25,8,0.999762,0.316094,0.262986,0.733815,25,20
47,1000,gaussianas,0.999999,0.998042,0.464464,0.361371,1.152039,21,20,0.999999,0.01103,0.008246,0.094321,25,8,0.999092,0.316224,0.277371,0.750957,14,9
48,1000,polinomio,0.999994,0.999994,0.046313,0.039055,0.142031,19,18,0.999959,0.124323,0.086584,1.267479,25,8,0.999734,0.316144,0.255927,1.483209,10,5
49,1000,spline,0.999674,0.997613,0.856285,0.650956,2.616512,21,20,0.998753,0.61889,0.374914,4.581882,25,8,0.999674,0.316376,0.251416,1.181529,20,15
50,1000,polinomio,0.999952,0.999952,0.12923,0.090826,0.378746,21,20,0.999789,0.270226,0.16773,1.609534,25,8,0.99971,0.316363,0.265639,0.952667,14,9
51,1000,gaussianas,0.999893,0.998184,0.403014,0.340278,0.949598,19,18,0.999893,0.097757,0.080009,0.328039,25,8,0.998882,0.316222,0.241404,0.862876,17,12
52,1000,gaussianas,1.0,0.999999,0.010829,0.009097,0.035611,21,20,1.0,0.001613,0.001265,0.00999,25,8,0.999216,0.316237,0.265617,0.681117,8,3
53,1000,gaussianas,0.999917,0.997169,0.351494,0.281178,1.040273,21,20,0.999917,0.060194,0.0415,0.328663,25,8,0.997708,0.316234,0.265789,0.650849,16,11
54,1000,spline,0.999394,0.996327,0.778565,0.661279,1.837331,19,18,0.99892,0.422184,0.344341,2.582761,25,8,0.999394,0.3162,0.255001,0.730785,28,23
55,1000,gaussianas,0.999999,0.999997,0.034692,0.027339,0.10005,20,19,0.999999,0.017977,0.008915,0.190441,25,8,0.99971,0.316227,0.274542,0.64561,12,7
56,1000,polinomio,1.0,1.0,0.006093,0.005326,0.022473,19,18,0.999983,0.048607,0.028197,0.51556,25,8,0.999274,0.31629,0.267789,1.235732,8,3
57,1000,gaussianas,1.0,0.999999,0.010634,0.008454,0.051515,21,20,1.0,0.000532,0.000389,0.002145,25,8,0.999351,0.316156,0.266422,0.683239,8,3
58,1000,gaussianas,0.999701,0.997247,0.792268,0.628384,1.911856,21,20,0.999701,0.261136,0.179632,1.758526,25,8,0.999561,0.316363,0.261222,0.815504,17,12
59,1000,polinomio,0.99999,0.99999,0.030142,0.023902,0.111597,19,18,0.999869,0.108781,0.064305,1.315198,25,8,0.998893,0.316245,0.253544,1.187976,12,7
60,1000,polinomio,1.0,1.0,0.010219,0.00883,0.031956,21,20,1.0,0.003002,0.00237,0.008132,25,8,0.999762,0.316195,0.278702,0.586129,10,5
61,1000,spline,0.999058,0.991077,0.973468,0.684232,2.733946,21,20,0.996825,0.58067,0.337508,5.310485,25,8,0.999058,0.316225,0.250422,0.901924,22,17
62,1000,gaussianas,0.999937,0.999213,0.277389,0.232984,0.670815,20,19,0.999937,0.078468,0.056948,0.494856,25,8,0.998978,0.316214,0.262398,0.622567,16,11
63,1000,gaussianas,0.999974,0.999065,0.54359,0.434182,1.496525,21,20,0.999974,0.091251,0.0768,0.195397,25,8,0.999684,0.316204,0.226087,0.913622,17,12
64,1000,gaussianas,0.999386,0.996097,0.789884,0.665173,1.833738,21,20,0.999386,0.313317,0.202939,2.062417,25,8,0.999374,0.316226,0.24921,1.22678,20,15
65,1000,gaussianas,1.0,0.999999,0.020694,0.017551,0.041689,20,19,1.0,0.003062,0.002501,0.008176,25,8,0.999653,0.316244,0.275322,0.843127,12,7
66,1000,gaussianas,0.999996,0.999929,0.201037,0.153407,0.559196,21,20,0.999996,0.045553,0.030773,0.202094,25,8,0.999825,0.31623,0.24543,0.835528,14,9
67,1000,polinomio,0.99999,0.99999,0.048234,0.037292,0.249638,21,20,0.999804,0.217545,0.130451,2.049729,25,8,0.999586,0.31625,0.266541,0.643497,12,7
68,1000,gaussianas,1.0,0.999944,0.109055,0.086535,0.306524,21,20,1.0,0.007483,0.00626,0.023786,25,8,0.999529,0.316217,0.272312,0.946006,13,8
69,1000,polinomio,1.0,1.0,0.004342,0.0038,0.013749,20,19,1.0,0.001923,0.001574,0.00823,25,8,0.999922,0.18898,0.140491,0.414225,7,2
70,1000,gaussianas,0.999999,0.999914,0.111404,0.087789,0.415603,21,20,0.999999,0.009546,0.008048,0.025723,25,8,0.99931,0.316089,0.257763,0.694163,13,8
71,1000,spline,0.999491,0.997752,0.664516,0.571999,1.786508,21,20,0.998394,0.561548,0.309977,4.481873,25,8,0.999491,0.316229,0.267812,1.048122,20,15
72,1000,polinomio,1.0,1.0,0.003085,0.00254,0.006489,19,18,1.0,0.005564,0.0033,0.046024,25,8,0.999831,0.179933,0.146346,0.836729,7,2
73,1000,gaussianas,0.99992,0.99965,0.300779,0.220908,0.660573,21,20,0.99992,0.143698,0.11452,0.38168,25,8,0.999613,0.316196,0.267736,1.027554,20,15
74,1000,polinomio,0.999693,0.999693,0.216636,0.181948,0.495582,21,20,0.999685,0.219376,0.147935,2.20191,25,8,0.999346,0.316256,0.261048,0.65556,18,13
75,1000,spline,0.999483,0.989671,1.413982,1.145405,3.403135,21,20,0.999387,0.344546,0.278881,0.863028,25,8,0.999483,0.316227,0.261582,0.945364,20,15
76,1000,gaussianas,0.999945,0.999619,0.245341,0.19033,1.157625,21,20,0.999945,0.093275,0.072359,0.415533,25,8,0.999367,0.31631,0.263919,0.691309,15,10
77,1000,gaussianas,1.0,0.999925,0.09437,0.079512,0.267833,21,20,1.0,0.007697,0.006196,0.023968,25,8,0.999159,0.316233,0.273454,0.663944,14,9
78,1000,gaussianas,0.999755,0.996664,0.845347,0.732395,2.253995,19,18,0.999755,0.229061,0.129606,1.705479,25,8,0.999533,0.316227,0.254347,0.732801,21,16
79,1000,gaussianas,1.0,0.999976,0.060263,0.050146,0.14277,21,20,1.0,0.003757,0.002946,0.011115,25,8,0.999349,0.316112,0.277698,1.023876,11,6
80,1000,spline,0.999101,0.991214,0.988565,0.778602,2.377617,20,19,0.991952,0.946151,0.404215,7.573734,25,8,0.999101,0.316224,0.253684,0.795311,21,16
81,1000,gaussianas,1.0,0.999955,0.106376,0.07999,0.298975,21,20,1.0,0.010136,0.006317,0.085041,25,8,0.999605,0.316219,0.251318,0.856046,14,9
82,1000,gaussianas,0.999989,0.999623,0.407016,0.32958,1.023556,21,20,0.999989,0.070956,0.056404,0.318398,25,8,0.999773,0.316227,0.268716,0.753033,15,10
83,1000,gaussianas,0.999987,0.999944,0.166876,0.126406,0.440513,21,20,0.999987,0.080824,0.04521,0.76408,25,8,0.999797,0.316176,0.262713,0.695888,17,12
84,1000,gaussianas,0.999185,0.995184,0.634653,0.511096,2.084359,21,20,0.999185,0.261156,0.198722,1.465604,25,8,0.998804,0.316223,0.267411,0.669866,21,16
85,1000,gaussianas,0.99973,0.999067,0.339161,0.27021,0.904511,21,20,0.99973,0.182532,0.135362,1.630826,25,8,0.999189,0.316217,0.264929,0.635282,16,11
86,1000,gaussianas,0.999823,0.990155,1.883286,1.534172,4.736934,21,20,0.999823,0.252213,0.194683,0.685073,25,8,0.999722,0.316377,0.271727,0.664216,23,18
87,1000,gaussianas,0.999872,0.971848,1.819305,1.527316,3.543676,20,19,0.999872,0.122758,0.092174,0.602555,25,8,0.999149,0.316262,0.251084,0.894867,17,12
88,1000,gaussianas,1.0,0.999996,0.036943,0.02938,0.170093,21,20,1.0,0.007174,0.005309,0.020216,25,8,0.999732,0.316178,0.277497,0.57936,14,9
89,1000,gaussianas,0.999394,0.996694,0.717006,0.598258,1.632668,19,18,0.999394,0.306905,0.23649,1.028162,25,8,0.999357,0.31624,0.258221,0.686161,26,21
90,1000,gaussianas,0.99998,0.999935,0.148468,0.123137,0.623562,21,20,0.99998,0.082831,0.054081,0.60359,25,8,0.999705,0.316382,0.25449,1.104683,16,11
91,1000,gaussianas,1.0,0.999991,0.061186,0.052463,0.253146,21,20,1.0,0.005249,0.004002,0.013356,25,8,0.999772,0.316225,0.24679,0.787457,12,7
92,1000,gaussianas,0.999994,0.999863,0.339526,0.259366,0.995883,17,16,0.999994,0.073441,0.062161,0.249839,25,8,0.999881,0.316223,0.267421,0.732935,19,14
93,1000,gaussianas,0.999954,0.999412,0.444807,0.375184,1.407976,18,17,0.999954,0.124442,0.104286,0.316075,25,8,0.999703,0.316242,0.264159,0.938815,20,15
94,1000,gaussianas,0.999929,0.998406,0.754266,0.611149,2.483036,21,20,0.999929,0.159642,0.119578,1.192852,25,8,0.99972,0.316227,0.25682,0.742172,20,15
95,1000,polinomio,1.0,1.0,0.004706,0.003766,0.016349,21,20,1.0,0.001752,0.001449,0.006781,25,8,0.999655,0.257786,0.227214,0.415884,7,2
96,1000,gaussianas,0.999958,0.997357,0.813628,0.611198,2.162644,21,20,0.999958,0.103012,0.079632,0.311059,25,8,0.999601,0.31625,0.227847,0.832601,20,15
97,1000,gaussianas,0.999865,0.999227,0.605285,0.502648,1.351774,21,20,0.999865,0.25249,0.189126,0.892904,25,8,0.999789,0.31623,0.259552,0.909887,21,16
98,1000,polinomio,0.999991,0.999991,0.027163,0.018688,0.07701,21,20,0.999929,0.077661,0.041073,0.88153,22,7,0.998817,0.316284,0.254798,0.826711,12,7
99,1000,gaussianas,1.0,0.999996,0.030141,0.024139,0.17279,21,20,1.0,0.007127,0.005598,0.022437,25,8,0.999532,0.316313,0.255485,0.74127,12,7
100,1000,gaussianas,0.999829,0.999613,0.257455,0.19536,0.718129,21,20,0.999829,0.170963,0.113603,0.420083,25,8,0.999416,0.316233,0.261507,0.886769,16,11
101,1000,spline,0.99903,0.998779,0.354811,0.290374,1.419004,21,20,0.999007,0.319965,0.249334,0.936508,22,7,0.99903,0.31628,0.248704,0.772023,17,12
102,1000,polinomio,0.999967,0.999967,0.056087,0.045121,0.245502,19,18,0.999951,0.068645,0.032948,0.859992,25,8,0.998955,0.316201,0.26018,0.694804,12,7
103,1000,polinomio,1.0,1.0,0.003562,0.002729,0.010495,19,18,1.0,0.000785,0.000615,0.00351,25,8,0.998671,0.316153,0.277484,0.926608,8,3
104,1000,gaussianas,0.999992,0.999892,0.098383,0.076019,0.253883,17,16,0.999992,0.026394,0.019576,0.080751,25,8,0.998884,0.316253,0.280107,0.758607,14,9
105,1000,gaussianas,0.999583,0.994237,1.107399,0.843806,2.772917,15,14,0.999583,0.297722,0.178966,2.782795,25,8,0.99953,0.316227,0.262011,0.787462,19,14
106,1000,gaussianas,1.0,0.999962,0.09435,0.072543,0.229689,20,19,1.0,0.007313,0.00561,0.022812,25,8,0.999574,0.316229,0.245478,0.666532,11,6
107,1000,gaussianas,1.0,0.999999,0.02439,0.019845,0.075772,21,20,1.0,0.003026,0.002356,0.00854,25,8,0.999801,0.316133,0.24817,0.691352,8,3
108,1000,spline,0.999603,0.999279,0.426414,0.343721,1.615142,21,20,0.999452,0.371739,0.221608,3.178823,25,8,0.999603,0.316216,0.257511,1.143731,17,12
109,1000,gaussianas,1.0,0.999982,0.077929,0.065774,0.183502,19,18,1.0,0.005265,0.003984,0.014,25,8,0.99971,0.316228,0.258454,0.782446,12,7
110,1000,polinomio,1.0,1.0,0.004948,0.004158,0.019868,21,20,1.0,0.014387,0.007466,0.155909,25,8,0.999789,0.316262,0.273804,0.733083,8,3
111,1000,gaussianas,0.999972,0.999939,0.123596,0.105565,0.32374,21,20,0.999972,0.083805,0.043977,0.784954,25,8,0.999598,0.316298,0.269255,0.72084,11,6
112,1000,gaussianas,0.999809,0.999312,0.416587,0.336482,1.065569,21,20,0.999809,0.219494,0.153314,1.948893,25,8,0.999604,0.316156,0.251837,0.841044,17,12
113,1000,spline,0.999399,0.997676,0.622041,0.510761,2.38398,21,20,0.998221,0.544324,0.338791,3.879478,25,8,0.999399,0.316236,0.240957,0.981417,19,14
114,1000,gaussianas,0.999858,0.997717,0.986235,0.719217,2.576221,21,20,0.999858,0.245957,0.199537,0.559113,25,8,0.999765,0.316203,0.260807,1.005014,19,14
115,1000,polinomio,1.0,1.0,0.001245,0.001018,0.003268,21,20,1.0,0.000575,0.00042,0.001856,25,8,0.999871,0.119189,0.105321,0.299129,7,2
116,1000,gaussianas,0.999994,0.999552,0.275894,0.243834,0.710206,21,20,0.999994,0.032801,0.026895,0.156174,25,8,0.999411,0.316229,0.270958,0.672463,16,11
117,1000,spline,0.999514,0.997165,0.763411,0.614102,2.049696,21,20,0.99946,0.33318,0.245427,1.191555,25,8,0.999514,0.316268,0.264549,0.759816,26,21
118,1000,gaussianas,0.999992,0.999899,0.157591,0.119599,0.508474,19,18,0.999992,0.044625,0.032853,0.394035,25,8,0.999593,0.316228,0.254776,0.87593,16,11
119,1000,gaussianas,0.999999,0.999986,0.067942,0.050342,0.17807,21,20,0.999999,0.017096,0.013072,0.043295,25,8,0.999702,0.316242,0.263414,0.663692,16,11
120,1000,gaussianas,0.99995,0.999946,0.169975,0.135488,0.539638,19,18,0.99995,0.163463,0.109874,1.214201,25,8,0.999813,0.316227,0.206874,0.979803,18,13
121,1000,gaussianas,0.999558,0.988971,0.938983,0.790317,3.561106,21,20,0.999558,0.188008,0.156747,0.411948,25,8,0.99875,0.316082,0.267559,0.695806,21,16
122,1000,gaussianas,0.999261,0.984211,1.44192,1.244719,4.434584,21,20,0.999261,0.311895,0.248268,1.86004,25,8,0.99924,0.316373,0.246139,1.083657,22,17
123,1000,gaussianas,0.999928,0.99619,0.686687,0.565011,2.137057,21,20,0.999928,0.094275,0.071845,0.273478,25,8,0.999192,0.316232,0.257148,0.879344,16,11
124,1000,gaussianas,1.0,0.999995,0.040052,0.028109,0.229872,17,16,1.0,0.009787,0.007524,0.029765,25,8,0.999682,0.316216,0.251047,0.896884,10,5
125,1000,spline,0.998889,0.989554,0.970055,0.816292,2.084271,17,16,0.99679,0.537783,0.419004,2.317266,25,8,0.998889,0.316335,0.249622,0.872419,26,21
126,1000,gaussianas,0.999998,0.999819,0.199634,0.166459,0.735149,20,19,0.999998,0.018212,0.015611,0.065294,25,8,0.999545,0.316197,0.265747,0.956037,13,8
127,1000,gaussianas,0.999998,0.999967,0.079942,0.06209,0.210282,21,20,0.999998,0.018171,0.010549,0.142055,25,8,0.999484,0.316133,0.244762,0.778429,13,8
128,1000,gaussianas,0.999749,0.995557,0.654203,0.526477,1.567433,16,15,0.999749,0.155448,0.114966,0.876125,25,8,0.998963,0.31609,0.259319,0.820086,21,16
129,1000,gaussianas,0.999974,0.998787,0.66924,0.561624,1.808452,21,20,0.999974,0.097131,0.081239,0.33673,25,8,0.999729,0.316309,0.239447,0.895771,23,18
130,1000,gaussianas,1.0,0.999979,0.060378,0.049417,0.184813,19,18,1.0,0.004232,0.003546,0.013737,25,8,0.999414,0.316155,0.266393,0.718881,12,7
131,1000,gaussianas,0.999214,0.988412,1.214596,0.909569,4.110326,19,18,0.999214,0.316236,0.233174,0.872163,25,8,0.999214,0.316233,0.263399,0.732921,24,19
132,1000,spline,0.998726,0.980828,1.226468,0.783788,4.206119,19,18,0.998359,0.358778,0.301563,0.830107,25,8,0.998726,0.31614,0.239463,0.861581,23,18
133,1000,polinomio,1.0,1.0,0.007452,0.005795,0.027457,21,20,0.999981,0.075139,0.039054,0.78763,25,8,0.999669,0.316232,0.259381,0.875098,9,4
134,1000,gaussianas,0.999995,0.999686,0.265729,0.2142,0.902442,21,20,0.999995,0.034949,0.027786,0.213919,25,8,0.999556,0.316226,0.276446,0.779298,16,11
135,1000,polinomio,0.999849,0.999849,0.214362,0.16161,1.277651,21,20,0.999807,0.242814,0.162308,2.076213,25,8,0.999672,0.31623,0.250817,0.743871,17,12
136,1000,polinomio,0.999984,0.999984,0.025238,0.022187,0.073505,21,20,0.999197,0.176668,0.105118,1.694648,25,8,0.997426,0.316216,0.249729,0.908909,9,4
137,1000,polinomio,0.999981,0.999981,0.057685,0.046249,0.160434,21,20,0.999932,0.108103,0.085656,0.980593,22,7,0.999417,0.316181,0.241102,1.009296,11,6
138,1000,gaussianas,1.0,0.999999,0.014983,0.012283,0.054076,20,19,1.0,0.007439,0.005432,0.039511,25,8,0.99962,0.316185,0.254136,0.692422,11,6
139,1000,spline,0.999126,0.98638,1.248163,0.919113,3.112275,21,20,0.997585,0.525581,0.352942,2.370759,25,8,0.999126,0.316212,0.267343,1.354224,21,16
140,1000,polinomio,1.0,1.0,0.006304,0.005436,0.022585,21,20,0.999979,0.123986,0.089312,0.871314,22,7,0.999962,0.168207,0.141898,0.344885,7,2
141,1000,gaussianas,0.999858,0.99691,0.931261,0.746609,2.88447,21,20,0.999858,0.199833,0.125801,0.872309,25,8,0.999643,0.316335,0.252869,0.787653,20,15
142,1000,gaussianas,0.999998,0.999839,0.220445,0.184658,0.525952,21,20,0.999998,0.027294,0.019461,0.120976,25,8,0.999668,0.316309,0.255223,0.731659,15,10
143,1000,spline,0.999062,0.997386,0.527849,0.358606,1.748614,21,20,0.998601,0.38621,0.252449,3.334023,25,8,0.999062,0.316284,0.260732,0.773589,20,15
144,1000,gaussianas,0.999999,0.999911,0.203245,0.172781,0.61115,19,18,0.999999,0.024098,0.015652,0.104197,25,8,0.999784,0.316283,0.267221,1.207942,14,9
145,1000,gaussianas,0.999945,0.999813,0.358188,0.28975,1.247402,21,20,0.999945,0.193814,0.083618,1.868581,25,8,0.999854,0.316208,0.262738,0.753002,17,12
146,1000,gaussianas,0.999992,0.999792,0.114267,0.085641,0.589242,21,20,0.999992,0.022538,0.01609,0.092051,25,8,0.998407,0.316187,0.26793,0.616338,13,8
147,1000,gaussianas,0.999999,0.99996,0.114994,0.086166,0.321544,21,20,0.999999,0.018252,0.014958,0.079436,25,8,0.9997,0.316223,0.228913,0.886992,11,6
148,1000,polinomio,0.999992,0.999992,0.043471,0.03338,0.235388,21,20,0.999898,0.155572,0.089534,1.681677,25,8,0.99958,0.316225,0.257381,1.107247,12,7
149,1000,gaussianas,1.0,0.999994,0.045335,0.037163,0.176427,21,20,1.0,0.005499,0.004321,0.01471,25,8,0.999721,0.316168,0.256967,0.820078,10,5
150,1000,gaussianas,1.0,0.999998,0.03197,0.026578,0.178326,21,20,1.0,0.004205,0.002708,0.013999,22,7,0.999785,0.316238,0.267351,0.676554,10,5
151,1000,spline,0.999769,0.998658,0.762242,0.6372,1.620293,21,20,0.999448,0.488964,0.252586,4.194749,25,8,0.999769,0.316228,0.261554,0.738716,22,17
152,1000,spline,0.999732,0.996693,1.109552,0.88611,2.856462,16,15,0.999136,0.567251,0.444565,3.506096,25,8,0.999732,0.316158,0.241486,0.897555,23,18
153,1000,gaussianas,0.99999,0.999839,0.136677,0.118216,0.389951,20,19,0.99999,0.034889,0.021042,0.286916,25,8,0.999139,0.316122,0.267618,0.747891,13,8
154,1000,gaussianas,0.999999,0.999974,0.067571,0.049252,0.198652,21,20,0.999999,0.01398,0.011753,0.070019,25,8,0.999431,0.316384,0.25501,0.845628,14,9
155,1000,spline,0.999581,0.994107,1.186397,0.957688,4.266394,21,20,0.997357,0.794497,0.517199,6.262383,25,8,0.999581,0.316286,0.250142,0.858902,20,15
156,1000,polinomio,0.999891,0.999891,0.130894,0.107706,0.327049,21,20,0.999663,0.230024,0.132068,2.416222,25,8,0.999363,0.316221,0.239041,0.799983,13,8
157,1000,gaussianas,0.999736,0.999023,0.426574,0.35782,1.619663,20,19,0.999736,0.221813,0.129736,1.600599,25,8,0.999463,0.316239,0.251329,0.85989,18,13
158,1000,polinomio,0.999965,0.999965,0.084538,0.070796,0.317935,21,20,0.999902,0.140948,0.084571,1.116447,25,8,0.999505,0.316303,0.242716,0.871073,14,9
159,1000,spline,0.999633,0.99859,0.620304,0.508071,3.16949,19,18,0.998682,0.599676,0.308037,5.055059,25,8,0.999633,0.31632,0.246396,0.927081,23,18
160,1000,gaussianas,0.999764,0.989048,1.702285,1.360235,4.784497,21,20,0.999764,0.24981,0.195129,0.765347,25,8,0.999622,0.31625,0.231883,0.880014,24,19
161,1000,gaussianas,0.999966,0.999735,0.224973,0.167363,0.749274,21,20,0.999966,0.080125,0.064387,0.33811,25,8,0.999476,0.316219,0.245595,0.823728,15,10
162,1000,gaussianas,0.99985,0.997957,1.108823,0.973734,3.166101,21,20,0.99985,0.300053,0.251872,0.683316,25,8,0.999834,0.316216,0.249505,0.923487,23,18
163,1000,gaussianas,0.999998,0.999915,0.165604,0.137171,0.39485,21,20,0.999998,0.023629,0.018743,0.049675,25,8,0.99969,0.316254,0.26547,0.716123,15,10
164,1000,gaussianas,0.999976,0.99984,0.202227,0.172503,0.424896,21,20,0.999976,0.077489,0.058729,0.215382,25,8,0.999608,0.316227,0.241573,1.27687,16,11
165,1000,gaussianas,0.999986,0.999646,0.224091,0.140498,0.750912,21,20,0.999986,0.044745,0.037569,0.113155,25,8,0.999295,0.316235,0.251888,0.785817,15,10
166,1000,polinomio,0.999998,0.999998,0.014946,0.011684,0.076435,21,20,0.99997,0.055495,0.033035,0.665126,25,8,0.999036,0.316227,0.266536,1.021068,8,3
167,1000,gaussianas,0.999789,0.996436,0.923369,0.797204,3.416243,21,20,0.999789,0.224718,0.175003,0.77478,25,8,0.999582,0.316244,0.248369,0.918218,24,19
168,1000,polinomio,0.999504,0.999504,0.289758,0.242565,0.780318,21,20,0.997325,0.672641,0.352983,4.363318,25,8,0.999408,0.316289,0.246284,0.931973,15,10
169,1000,gaussianas,0.999973,0.999541,0.301077,0.240512,0.846555,21,20,0.999973,0.072567,0.053427,0.218571,25,8,0.999494,0.316147,0.258711,0.708023,16,11
170,1000,gaussianas,0.999872,0.999666,0.287226,0.206883,0.926102,19,18,0.999872,0.177703,0.116317,1.757558,25,8,0.999595,0.316105,0.256744,0.864046,18,13
171,1000,spline,0.999175,0.983745,1.403793,1.148434,3.088694,21,20,0.997782,0.518541,0.375603,3.06638,25,8,0.999175,0.316211,0.226774,1.80782,26,21
172,1000,gaussianas,0.999987,0.99991,0.110614,0.078443,0.288617,21,20,0.999987,0.042271,0.02776,0.306953,25,8,0.999266,0.316229,0.269092,0.793283,17,12
173,1000,polinomio,1.0,1.0,0.017604,0.013024,0.056068,21,20,1.0,0.003911,0.003043,0.010201,25,8,0.99984,0.316211,0.248554,1.370021,10,5
174,1000,spline,0.999456,0.993507,1.092858,0.831315,3.138205,20,19,0.991487,1.251385,0.956095,6.069344,16,5,0.999456,0.316229,0.257165,0.940275,25,20
175,1000,gaussianas,1.0,0.999999,0.014626,0.011955,0.04321,20,19,1.0,0.002562,0.00211,0.006745,25,8,0.999679,0.316228,0.277344,0.899505,9,4
176,1000,polinomio,1.0,1.0,0.00184,0.001446,0.005803,20,19,1.0,0.00068,0.00053,0.003577,22,7,0.999401,0.316325,0.238025,1.311373,8,3
177,1000,gaussianas,0.999998,0.999997,0.024004,0.020474,0.051585,20,19,0.999998,0.01946,0.014846,0.116347,25,8,0.9995,0.316238,0.258715,0.637596,9,4
178,1000,gaussianas,0.999974,0.998528,0.348437,0.252334,1.076155,21,20,0.999974,0.046627,0.038012,0.126006,25,8,0.998787,0.316217,0.235203,0.898825,14,9
179,1000,gaussianas,0.999916,0.999436,0.484886,0.36413,1.15331,21,20,0.999916,0.187615,0.146467,0.473121,25,8,0.99976,0.316227,0.265142,0.634281,19,14
180,1000,gaussianas,0.999878,0.996337,0.674449,0.537845,2.018438,21,20,0.999878,0.122927,0.081936,0.45061,25,8,0.999195,0.316236,0.245074,0.90712,22,17
181,1000,gaussianas,0.99989,0.997937,0.619201,0.489632,1.50575,21,20,0.99989,0.142825,0.110838,0.425369,25,8,0.999462,0.316297,0.266188,0.974567,19,14
182,1000,gaussianas,0.999973,0.999797,0.260587,0.219404,0.587696,19,18,0.999973,0.095304,0.072812,0.416578,22,7,0.999702,0.316097,0.26236,0.924216,16,11
183,1000,gaussianas,0.999989,0.999772,0.1759,0.133354,0.711369,21,20,0.999989,0.039499,0.032303,0.169492,25,8,0.999263,0.316226,0.245474,0.943624,12,7
184,1000,gaussianas,0.999886,0.99862,0.55449,0.451423,1.586712,19,18,0.999886,0.159678,0.127176,0.654407,25,8,0.999551,0.316236,0.264247,0.721021,22,17
185,1000,polinomio,0.999999,0.999999,0.012985,0.011102,0.041563,21,20,0.999994,0.033325,0.019979,0.403575,25,8,0.999479,0.316367,0.277274,0.914055,9,4
186,1000,spline,0.999478,0.992898,1.166566,0.923416,2.952545,21,20,0.999042,0.428439,0.335753,1.349773,25,8,0.999478,0.316194,0.226286,1.089423,23,18
187,1000,gaussianas,0.999807,0.999459,0.255375,0.215315,1.047895,21,20,0.999807,0.152594,0.128367,0.588625,25,8,0.999171,0.316122,0.260342,0.70561,17,12
188,1000,gaussianas,0.99997,0.999958,0.111592,0.085325,0.309677,21,20,0.99997,0.094292,0.072046,0.246688,25,8,0.999663,0.316225,0.274692,0.698664,14,9
189,1000,spline,0.999642,0.998427,0.663194,0.494688,1.930857,21,20,0.999567,0.34791,0.257836,1.547242,25,8,0.999642,0.316212,0.263039,0.822121,25,20
190,1000,gaussianas,1.0,0.999905,0.039957,0.03257,0.150797,21,20,1.0,0.002867,0.002271,0.010595,25,8,0.994072,0.316298,0.255042,0.659707,10,5
191,1000,gaussianas,0.999888,0.999759,0.186111,0.151428,0.480016,21,20,0.999888,0.12683,0.104691,0.392207,25,8,0.999305,0.316255,0.225934,0.936962,20,15
192,1000,gaussianas,0.99991,0.998272,0.212474,0.181371,0.546459,21,20,0.99991,0.04839,0.030695,0.534467,25,8,0.996172,0.316228,0.246042,0.759575,13,8
193,1000,gaussianas,0.999896,0.998196,0.90046,0.788621,2.998662,21,20,0.999896,0.216539,0.145856,2.025806,25,8,0.999778,0.316214,0.267564,0.707341,20,15
194,1000,gaussianas,0.999949,0.999771,0.369859,0.316447,0.85236,18,17,0.999949,0.174898,0.119964,1.553538,25,8,0.999832,0.316243,0.256483,0.719581,17,12
195,1000,spline,0.999327,0.996491,0.721802,0.597326,1.510337,19,18,0.999308,0.320599,0.177852,2.743865,25,8,0.999327,0.316122,0.242692,1.565097,19,14
196,1000,gaussianas,0.999904,0.995756,0.867818,0.704679,2.084477,21,20,0.999904,0.130647,0.10778,0.366151,25,8,0.999437,0.316171,0.251889,1.082319,20,15
197,1000,gaussianas,0.999508,0.995429,0.784453,0.629803,2.550706,20,19,0.999508,0.257338,0.182966,0.813168,25,8,0.999257,0.316234,0.255472,0.903981,21,16
198,1000,polinomio,1.0,1.0,0.003364,0.002544,0.009929,19,18,0.999999,0.016582,0.008687,0.18521,25,8,0.999559,0.316239,0.279838,0.731966,8,3
199,1000,gaussianas,0.999996,0.999612,0.210866,0.17665,0.486622,19,18,0.999996,0.020515,0.012056,0.168818,25,8,0.999128,0.316228,0.260276,0.775909,14,9
200,1000,spline,0.999413,0.994279,0.987775,0.845896,2.188475,21,20,0.998366,0.527846,0.391937,1.638614,22,7,0.999413,0.316381,0.260125,0.732542,26,21
201,1000,polinomio,1.0,1.0,0.00463,0.003817,0.017375,20,19,1.0,0.001092,0.000891,0.00297,25,8,0.999984,0.049021,0.041311,0.207226,7,2
202,1000,gaussianas,0.999447,0.997611,0.546682,0.420376,1.553264,17,16,0.999447,0.263041,0.201432,2.115632,25,8,0.999201,0.316201,0.253312,0.754849,21,16
203,1000,gaussianas,0.999938,0.998819,0.39431,0.292067,1.048599,21,20,0.999938,0.090595,0.078735,0.254653,25,8,0.99924,0.316225,0.227883,0.876951,18,13
204,1000,gaussianas,0.99998,0.999971,0.063654,0.049636,0.247872,18,17,0.99998,0.053168,0.042802,0.194713,25,8,0.99928,0.31624,0.278096,0.594326,14,9
205,1000,gaussianas,1.0,0.999979,0.072735,0.063157,0.21194,21,20,1.0,0.002347,0.001654,0.008675,25,8,0.999597,0.316366,0.25314,0.797686,11,6
206,1000,gaussianas,1.0,0.999999,0.011159,0.008918,0.032121,21,20,1.0,0.00337,0.002645,0.009795,25,8,0.999226,0.316229,0.272474,0.964,8,3
207,1000,gaussianas,0.999999,0.999972,0.065347,0.052007,0.163079,21,20,0.999999,0.014507,0.010015,0.04672,25,8,0.99935,0.316225,0.276165,0.815002,15,10
208,1000,polinomio,1.0,1.0,0.008711,0.007359,0.026395,21,20,0.999994,0.042737,0.027006,0.448304,25,8,0.999694,0.316228,0.277431,0.774659,11,6
209,1000,gaussianas,1.0,0.999994,0.013337,0.011203,0.067191,20,19,1.0,0.002252,0.001505,0.007628,25,8,0.996889,0.316225,0.262324,0.663347,10,5
210,1000,polinomio,0.999705,0.999705,0.179383,0.147224,0.437754,20,19,0.999506,0.232218,0.180756,1.907634,25,8,0.999084,0.316197,0.25415,0.803631,12,7
211,1000,polinomio,1.0,1.0,0.002204,0.001896,0.005577,20,19,0.999944,0.13144,0.081081,1.296327,25,8,0.999835,0.226446,0.200742,0.693545,7,2
212,1000,gaussianas,0.999995,0.998651,0.838769,0.656175,2.14301,21,20,0.999995,0.051104,0.039527,0.205253,25,8,0.999808,0.316231,0.246826,1.282887,18,13
213,1000,gaussianas,0.999683,0.996701,0.740816,0.50323,2.22124,19,18,0.999683,0.229746,0.162455,0.698568,25,8,0.999399,0.316227,0.249551,0.860227,22,17
214,1000,polinomio,0.999876,0.999876,0.097815,0.083248,0.319492,19,18,0.999859,0.104382,0.051213,1.07148,25,8,0.998707,0.316269,0.263291,0.653261,14,9
215,1000,spline,0.999348,0.989529,1.266817,1.003365,3.459396,18,17,0.999234,0.342568,0.266728,0.98585,25,8,0.999348,0.31616,0.244474,0.95181,25,20
216,1000,gaussianas,0.999909,0.997869,1.048179,0.855647,3.646283,21,20,0.999909,0.216592,0.158192,0.799672,22,7,0.999806,0.316095,0.271144,1.095565,20,15
217,1000,gaussianas,0.999961,0.999805,0.216433,0.176141,0.562249,21,20,0.999961,0.09621,0.065355,0.727213,25,8,0.999583,0.316079,0.254267,0.71849,16,11
218,1000,polinomio,0.999284,0.999284,0.201949,0.158743,0.504605,21,20,0.998997,0.239063,0.163883,2.041419,25,8,0.998245,0.316227,0.253255,0.791046,16,11
219,1000,gaussianas,0.999872,0.99824,0.845015,0.733761,2.543709,21,20,0.999872,0.227939,0.180132,1.280429,25,8,0.999754,0.316087,0.260323,0.764687,21,16
220,1000,polinomio,0.999999,0.999999,0.010576,0.008426,0.052,21,20,0.999943,0.070761,0.044388,0.838417,25,8,0.998863,0.316255,0.250397,0.693154,8,3
221,1000,gaussianas,0.999941,0.999003,0.605032,0.447007,1.76671,17,16,0.999941,0.147709,0.118287,0.370196,25,8,0.999728,0.316196,0.264094,1.042949,18,13
222,1000,gaussianas,0.999999,0.999962,0.111405,0.082853,0.303295,21,20,0.999999,0.021459,0.015786,0.059782,25,8,0.999693,0.316232,0.267174,0.873591,16,11
223,1000,polinomio,0.999966,0.999966,0.066139,0.055863,0.181253,19,18,0.999939,0.088519,0.057877,0.892252,25,8,0.999226,0.316141,0.250038,1.090365,11,6
224,1000,gaussianas,1.0,0.999999,0.019266,0.016924,0.06944,21,20,1.0,0.002653,0.002076,0.013724,25,8,0.999681,0.316231,0.27243,0.751389,8,3
225,1000,spline,0.999767,0.998974,0.663379,0.518093,1.754893,19,18,0.999697,0.360706,0.253582,2.274032,25,8,0.999767,0.316227,0.260542,0.847521,22,17
226,1000,spline,0.999542,0.991397,1.369719,1.042932,3.657303,21,20,0.998632,0.546167,0.298636,4.036302,25,8,0.999542,0.316205,0.259727,0.777778,20,15
227,1000,polinomio,1.0,1.0,0.000631,0.00052,0.001774,21,20,1.0,0.000186,0.000153,0.000709,25,8,0.999984,0.059131,0.045515,0.286507,7,2
228,1000,gaussianas,0.999975,0.999284,0.401232,0.309821,1.100841,21,20,0.999975,0.075406,0.053675,0.252361,25,8,0.999555,0.316244,0.26088,0.789204,16,11
229,1000,spline,0.999529,0.994773,1.054018,0.897627,3.691148,19,18,0.999454,0.340758,0.238116,1.183926,25,8,0.999529,0.316337,0.267066,1.070641,21,16
230,1000,polinomio,1.0,1.0,0.002927,0.002154,0.009272,21,20,0.999999,0.02351,0.014085,0.26645,25,8,0.999821,0.264664,0.203855,1.247328,7,2
231,1000,gaussianas,0.999881,0.996871,1.080453,0.892221,2.258877,21,20,0.999881,0.210446,0.172143,1.487186,25,8,0.999732,0.316248,0.258178,0.688475,17,12
232,1000,gaussianas,1.0,0.999975,0.077619,0.064143,0.334192,20,19,1.0,0.007114,0.006064,0.018208,25,8,0.999588,0.316234,0.25572,0.984646,11,6
233,1000,polinomio,1.0,1.0,0.002232,0.001812,0.005748,19,18,0.999976,0.058913,0.03588,0.673972,25,8,0.999841,0.152605,0.130977,0.614953,7,2
234,1000,gaussianas,0.999992,0.999465,0.480386,0.39556,1.994111,19,18,0.999992,0.05851,0.044586,0.167779,25,8,0.999768,0.31619,0.244196,0.763456,18,13
235,1000,gaussianas,0.999929,0.996446,0.969184,0.838739,2.372918,19,18,0.999929,0.136635,0.117817,0.480831,25,8,0.999622,0.316229,0.245352,0.944132,19,14
236,1000,gaussianas,0.999719,0.981297,1.350443,1.038201,2.977033,19,18,0.999719,0.165563,0.134197,0.427146,25,8,0.998974,0.316228,0.261493,0.770448,20,15
237,1000,polinomio,0.999997,0.999997,0.039553,0.034404,0.145898,21,20,0.999992,0.064366,0.035303,0.732268,25,8,0.999798,0.316211,0.274057,0.602379,12,7
238,1000,spline,0.999129,0.99675,0.610681,0.46035,1.694492,21,20,0.997396,0.546658,0.324857,4.782732,25,8,0.999129,0.316232,0.246533,0.937297,22,17
239,1000,gaussianas,0.999998,0.999389,0.347231,0.266833,1.474761,21,20,0.999998,0.021529,0.017128,0.091839,25,8,0.999493,0.316223,0.262226,0.742169,16,11
240,1000,gaussianas,0.999744,0.98754,1.386668,1.176311,6.022528,21,20,0.999744,0.19857,0.164721,0.417995,25,8,0.999352,0.316303,0.258515,0.721544,21,16
241,1000,gaussianas,0.999958,0.999833,0.227776,0.170609,0.581975,21,20,0.999958,0.114218,0.063064,1.231633,25,8,0.999677,0.316224,0.250687,0.890061,17,12
242,1000,polinomio,1.0,1.0,0.003737,0.002962,0.016996,21,20,1.0,0.001581,0.001358,0.003759,25,8,0.999112,0.294472,0.252579,0.970763,7,2
243,1000,polinomio,1.0,1.0,0.006156,0.005047,0.017838,20,19,0.99998,0.058323,0.032829,0.749013,25,8,0.999424,0.316232,0.265614,1.331637,8,3
244,1000,spline,0.999313,0.995968,0.765779,0.652936,1.906357,21,20,0.998111,0.524211,0.387974,4.152987,25,8,0.999313,0.316192,0.258723,0.770822,24,19
245,1000,gaussianas,0.99988,0.996425,0.71216,0.565098,1.645954,21,20,0.99988,0.130249,0.090114,0.923106,25,8,0.999295,0.316288,0.257486,0.723174,22,17
246,1000,gaussianas,0.999994,0.999785,0.240747,0.188876,0.637502,21,20,0.999994,0.040016,0.030031,0.161235,25,8,0.99963,0.316221,0.263439,0.895663,14,9
247,1000,gaussianas,0.999862,0.996138,1.079057,0.918176,4.188183,20,19,0.999862,0.204091,0.148484,0.556573,25,8,0.999668,0.316232,0.266415,0.777206,19,14
248,1000,gaussianas,0.999702,0.997965,0.668121,0.556183,1.544835,21,20,0.999702,0.255665,0.182906,0.838022,25,8,0.999544,0.316342,0.248002,1.134996,22,17
249,1000,gaussianas,0.999883,0.995948,0.635781,0.51666,1.615046,20,19,0.999883,0.108042,0.086404,0.263012,25,8,0.998998,0.316228,0.251122,0.861111,17,12
250,1000,gaussianas,0.999974,0.999161,0.520008,0.408895,1.489634,21,20,0.999974,0.090997,0.06131,0.697595,25,8,0.99969,0.316238,0.248213,0.767357,17,12
251,1000,spline,0.999569,0.996973,0.837426,0.706837,1.964173,21,20,0.999232,0.421944,0.311022,2.412935,25,8,0.999569,0.316099,0.266658,1.089334,19,14
252,1000,gaussianas,0.999217,0.992502,0.778761,0.616872,2.090299,19,18,0.999217,0.251686,0.217989,0.652802,25,8,0.998764,0.316241,0.241949,0.980533,22,17
253,1000,gaussianas,0.999643,0.995994,0.950712,0.728853,2.821697,21,20,0.999643,0.283852,0.233677,1.025285,25,8,0.999557,0.316123,0.239653,0.804579,18,13
254,1000,spline,0.999761,0.995208,1.416582,1.114121,4.743074,21,20,0.998774,0.716425,0.588484,3.41148,25,8,0.999761,0.316197,0.234656,1.044253,26,21
255,1000,gaussianas,0.999799,0.999629,0.342183,0.2748,1.291607,21,20,0.999799,0.252186,0.212074,1.044917,25,8,0.999683,0.316217,0.256988,0.972362,18,13
256,1000,gaussianas,0.999989,0.999819,0.203163,0.165479,0.894845,21,20,0.999989,0.050564,0.035002,0.233652,25,8,0.999561,0.316105,0.268326,0.702117,18,13
257,1000,spline,0.999386,0.995796,0.827449,0.632099,2.20521,21,20,0.997873,0.588586,0.361158,3.728094,25,8,0.999386,0.316228,0.258522,1.082425,23,18
258,1000,gaussianas,0.999983,0.999967,0.137431,0.116798,0.380741,21,20,0.999983,0.099567,0.055771,0.913044,25,8,0.999826,0.316228,0.257839,0.846263,12,7
259,1000,polinomio,0.999998,0.999998,0.020933,0.017265,0.07047,21,20,0.999978,0.06785,0.039655,0.46191,25,8,0.999523,0.316229,0.266726,0.908062,10,5
260,1000,spline,0.999543,0.99836,0.598952,0.476162,1.716174,21,20,0.999507,0.328494,0.27053,0.925976,25,8,0.999543,0.31625,0.246862,0.9324,22,17
261,1000,gaussianas,1.0,0.999862,0.086512,0.070399,0.207838,21,20,1.0,0.005093,0.004158,0.018072,22,7,0.998163,0.316243,0.276212,0.673954,13,8
262,1000,gaussianas,0.999871,0.99793,0.579863,0.478235,1.541313,21,20,0.999871,0.14491,0.107804,0.425993,25,8,0.999385,0.316218,0.261879,0.80483,21,16
263,1000,gaussianas,0.999918,0.999124,0.551115,0.416703,1.396144,16,15,0.999918,0.168218,0.141025,0.456185,22,7,0.999712,0.31623,0.256838,0.791738,18,13
264,1000,gaussianas,0.999988,0.999797,0.264818,0.196955,0.984471,20,19,0.999988,0.063722,0.04753,0.222267,25,8,0.99971,0.316315,0.266553,0.796989,15,10
265,1000,gaussianas,0.99996,0.999629,0.30835,0.229748,0.817001,19,18,0.99996,0.100749,0.078186,0.959433,25,8,0.99961,0.316239,0.248467,0.794311,17,12
266,1000,polinomio,0.999993,0.999993,0.054998,0.047123,0.122986,21,20,0.999964,0.121306,0.068444,1.225114,25,8,0.999753,0.316082,0.263671,0.773566,10,5
267,1000,gaussianas,0.999999,0.999978,0.060192,0.049068,0.143367,21,20,0.999999,0.013024,0.011124,0.027755,25,8,0.999391,0.316226,0.27108,0.579265,12,7
268,1000,gaussianas,0.999786,0.999558,0.275531,0.21691,0.656145,21,20,0.999786,0.191835,0.138384,1.425276,25,8,0.999418,0.31623,0.256521,0.878152,16,11
269,1000,gaussianas,0.999885,0.992837,1.435706,1.173258,5.764729,21,20,0.999885,0.182113,0.148825,0.475769,25,8,0.999652,0.31634,0.251472,1.220092,22,17
270,1000,spline,0.999632,0.998807,0.568944,0.499467,1.395803,21,20,0.998263,0.686627,0.558499,3.370011,19,6,0.999632,0.316224,0.264858,0.829196,22,17
271,1000,gaussianas,0.999745,0.995889,0.867948,0.639264,2.597677,21,20,0.999745,0.216089,0.181225,0.571551,25,8,0.999454,0.316217,0.246002,0.90715,23,18
272,1000,gaussianas,1.0,0.999978,0.09222,0.07642,0.367774,21,20,1.0,0.005268,0.004215,0.01484,25,8,0.999736,0.316227,0.253256,0.707924,12,7
273,1000,gaussianas,0.999998,0.999873,0.186045,0.144297,0.477612,21,20,0.999998,0.025607,0.018861,0.191489,25,8,0.999634,0.316218,0.245075,0.797407,13,8
274,1000,spline,0.999762,0.991581,1.880296,1.494452,4.759371,21,20,0.999536,0.441217,0.359103,1.694652,25,8,0.999762,0.316224,0.254627,0.86091,24,19
275,1000,gaussianas,1.0,0.999999,0.031851,0.027218,0.086589,21,20,1.0,0.00925,0.007345,0.025334,25,8,0.999854,0.316263,0.267816,0.690798,10,5
276,1000,gaussianas,0.999992,0.99991,0.120625,0.103064,0.276848,21,20,0.999992,0.036577,0.029976,0.094445,25,8,0.999384,0.316357,0.264061,0.841471,15,10
277,1000,gaussianas,0.999961,0.999774,0.271371,0.224889,0.733991,21,20,0.999961,0.112639,0.096384,0.261259,25,8,0.999693,0.316244,0.264068,0.784101,15,10
278,1000,gaussianas,0.999996,0.999946,0.058804,0.041085,0.172186,21,20,0.999996,0.016075,0.012698,0.070453,25,8,0.998426,0.316228,0.267031,0.639689,15,10
279,1000,gaussianas,1.0,0.999993,0.045716,0.037043,0.252307,21,20,1.0,0.007023,0.005904,0.016733,25,8,0.999674,0.316243,0.267213,1.141943,13,8
280,1000,spline,0.99977,0.99483,1.500542,1.065302,4.041063,21,20,0.999737,0.338656,0.189587,2.663556,25,8,0.99977,0.316219,0.253957,0.768328,21,16
281,1000,polinomio,1.0,1.0,0.009287,0.007666,0.026808,21,20,0.999986,0.078417,0.046194,0.862631,25,8,0.999766,0.316213,0.277133,0.673003,10,5
282,1000,gaussianas,0.999831,0.999812,0.221456,0.181562,0.557853,17,16,0.999831,0.210393,0.147231,0.590696,25,8,0.999618,0.316221,0.265868,0.708799,15,10
283,1000,gaussianas,0.999662,0.997152,0.761991,0.628387,1.770398,17,16,0.999662,0.262486,0.182916,0.918012,25,8,0.99951,0.316215,0.260695,0.755672,22,17
284,1000,gaussianas,0.999945,0.99919,0.409796,0.343171,0.899932,21,20,0.999945,0.107214,0.084844,0.403268,25,8,0.999518,0.316257,0.256612,1.156472,19,14
285,1000,polinomio,0.999999,0.999999,0.01368,0.011604,0.031299,20,19,0.999943,0.113731,0.062493,1.231709,25,8,0.999556,0.316256,0.252995,0.675268,8,3
286,1000,polinomio,0.999995,0.999995,0.045908,0.036142,0.197625,21,20,0.999973,0.102324,0.066491,1.046786,25,8,0.999741,0.316235,0.258838,0.736434,10,5
287,1000,spline,0.999698,0.997796,0.85433,0.674087,2.430258,21,20,0.99869,0.658668,0.490477,2.965607,25,8,0.999698,0.316239,0.261999,0.697766,23,18
288,1000,polinomio,1.0,1.0,0.00738,0.006304,0.015884,21,20,1.0,0.005024,0.003929,0.015924,22,7,0.999673,0.316227,0.266492,0.903694,8,3
289,1000,gaussianas,0.999999,0.999948,0.168246,0.140838,0.847317,19,18,0.999999,0.023699,0.017155,0.137888,25,8,0.999814,0.316375,0.275472,0.88633,17,12
290,1000,gaussianas,0.999643,0.999642,0.296555,0.246398,1.090129,21,20,0.999643,0.296272,0.151927,3.123881,25,8,0.999593,0.316228,0.250886,0.719494,17,12
291,1000,gaussianas,0.999979,0.999766,0.275785,0.228661,1.004125,20,19,0.999979,0.082703,0.064979,0.177517,25,8,0.999693,0.316105,0.261144,0.654415,16,11
292,1000,gaussianas,0.999831,0.999238,0.632687,0.510367,1.611675,19,18,0.999831,0.298013,0.200608,1.839397,25,8,0.99981,0.316128,0.253989,0.738896,18,13
293,1000,polinomio,0.999991,0.999991,0.055891,0.044488,0.223129,19,18,0.999989,0.061449,0.038533,0.655224,25,8,0.99972,0.316113,0.270008,0.580816,10,5
294,1000,gaussianas,1.0,0.999984,0.049998,0.038225,0.111933,17,16,1.0,0.00771,0.005778,0.036459,25,8,0.999376,0.31623,0.268839,0.577473,13,8
295,1000,gaussianas,0.999999,0.99993,0.252134,0.188631,0.640653,19,18,0.999999,0.023187,0.017956,0.062772,25,8,0.99989,0.316235,0.254666,0.694714,15,10
296,1000,gaussianas,0.999989,0.999625,0.32303,0.247545,0.991742,19,18,0.999989,0.054616,0.04596,0.152338,25,8,0.999641,0.316227,0.2258,0.952758,13,8
297,1000,gaussianas,0.999964,0.999229,0.239156,0.176814,0.6003,21,20,0.999964,0.051676,0.039401,0.179489,25,8,0.998653,0.316203,0.260854,0.726417,15,10
298,1000,spline,0.999636,0.99764,0.805561,0.691922,2.28487,21,20,0.999561,0.347537,0.221278,2.064973,25,8,0.999636,0.316162,0.25267,0.890989,20,15
299,1000,polinomio,1.0,1.0,0.0029,0.002119,0.008608,21,20,0.99997,0.045119,0.029188,0.409016,25,8,0.999404,0.202216,0.170995,0.561551,7,2
300,1000,gaussianas,0.999688,0.997056,0.739267,0.582816,2.56671,21,20,0.999688,0.240649,0.207956,0.850193,25,8,0.999461,0.316251,0.269751,0.901958,22,17
301,1000,gaussianas,0.999968,0.998286,0.453597,0.324775,1.31793,21,20,0.999968,0.062359,0.05048,0.303161,25,8,0.999167,0.316223,0.250561,0.938964,17,12
302,1000,polinomio,1.0,1.0,0.006182,0.004432,0.017923,20,19,1.0,0.001743,0.001289,0.009786,25,8,0.99932,0.316308,0.266509,0.639102,8,3
303,1000,gaussianas,0.999964,0.998777,0.525769,0.441563,1.390785,21,20,0.999964,0.090607,0.078218,0.279902,25,8,0.999558,0.316201,0.268401,0.986725,14,9
304,1000,polinomio,1.0,1.0,0.005876,0.004804,0.016228,21,20,0.999875,0.098001,0.056002,1.073878,25,8,0.998703,0.316231,0.276839,0.826343,10,5
305,1000,gaussianas,0.999876,0.999201,0.474706,0.37332,1.151083,19,18,0.999876,0.18661,0.134921,1.587492,25,8,0.999645,0.316227,0.266144,1.074991,17,12
306,1000,polinomio,1.0,1.0,0.002637,0.002213,0.009978,20,19,0.999992,0.037327,0.02298,0.376991,25,8,0.999435,0.316232,0.273422,0.961749,8,3
307,1000,spline,0.999273,0.990554,1.13994,0.940761,2.519928,19,18,0.994237,0.890411,0.629776,3.054477,25,8,0.999273,0.316254,0.244924,1.004128,24,19
308,1000,spline,0.999292,0.998171,0.508332,0.404159,1.276813,21,20,0.998955,0.38414,0.200096,3.155263,25,8,0.999292,0.316364,0.249832,0.924092,19,14
309,1000,gaussianas,0.999999,0.99992,0.154418,0.119986,0.535565,21,20,0.999999,0.013595,0.01016,0.037474,25,8,0.999665,0.316225,0.251736,0.806088,15,10
310,1000,gaussianas,1.0,0.999999,0.01793,0.015049,0.061121,21,20,1.0,0.002178,0.001697,0.009748,25,8,0.999697,0.31623,0.260779,0.633599,10,5
311,1000,spline,0.999543,0.999315,0.386926,0.318945,1.282248,21,20,0.999426,0.354285,0.238821,2.336044,25,8,0.999543,0.316074,0.254846,1.000232,16,11
312,1000,polinomio,1.0,1.0,0.00109,0.000834,0.002664,19,18,0.999998,0.015324,0.00812,0.191092,25,8,0.999945,0.072455,0.053735,0.392522,7,2
313,1000,gaussianas,1.0,0.999997,0.029039,0.024793,0.081596,19,18,1.0,0.002994,0.002273,0.00912,25,8,0.999691,0.316227,0.271282,0.820209,9,4
314,1000,gaussianas,0.999891,0.998584,0.516166,0.396406,1.415383,20,19,0.999891,0.143005,0.09673,0.604951,25,8,0.999469,0.316234,0.248816,0.985539,18,13
315,1000,spline,0.999671,0.998241,0.731255,0.610519,1.857352,20,19,0.999472,0.400593,0.287399,1.053321,25,8,0.999671,0.316119,0.267323,0.63428,20,15
316,1000,spline,0.999685,0.998717,0.638066,0.523006,2.455081,21,20,0.99961,0.351689,0.201115,1.841253,25,8,0.999685,0.316165,0.262952,1.001289,21,16
317,1000,gaussianas,0.999999,0.999995,0.02042,0.016638,0.095735,21,20,0.999999,0.008405,0.005565,0.081476,25,8,0.998868,0.316266,0.258346,0.670269,9,4
318,1000,gaussianas,0.999995,0.99998,0.085407,0.072667,0.255227,21,20,0.999995,0.040524,0.022926,0.35214,25,8,0.99972,0.316288,0.247566,0.789206,13,8
319,1000,gaussianas,0.99995,0.99941,0.402001,0.254078,1.276535,21,20,0.99995,0.117561,0.096221,0.427715,25,8,0.999635,0.316228,0.234762,0.892637,22,17
320,1000,gaussianas,0.999989,0.999979,0.098454,0.0704,0.280693,21,20,0.999989,0.072652,0.057717,0.419931,25,8,0.999783,0.316228,0.250777,0.765398,12,7
321,1000,polinomio,0.999811,0.999811,0.146539,0.119509,0.31872,21,20,0.999493,0.240235,0.132413,2.185674,25,8,0.999121,0.316217,0.25088,0.694874,16,11
322,1000,gaussianas,0.999796,0.997473,0.861754,0.744423,3.375041,19,18,0.999796,0.244982,0.17911,2.119588,25,8,0.99966,0.316229,0.23603,0.843534,21,16
323,1000,gaussianas,0.999933,0.996381,0.728951,0.557757,1.931346,21,20,0.999933,0.099025,0.080034,0.21376,25,8,0.999319,0.31622,0.257287,0.721546,16,11
324,1000,gaussianas,0.999963,0.999503,0.342786,0.275705,0.839724,21,20,0.999963,0.093305,0.073908,0.267061,25,8,0.999577,0.316234,0.228406,1.09401,17,12
325,1000,gaussianas,1.0,0.999984,0.09704,0.08027,0.441204,21,20,1.0,0.014125,0.010532,0.041817,25,8,0.999825,0.31614,0.27692,0.558457,15,10
326,1000,gaussianas,0.999969,0.999879,0.174756,0.141463,0.49002,21,20,0.999969,0.089211,0.069203,0.532051,19,6,0.999605,0.316197,0.260011,0.622196,16,11
327,1000,gaussianas,0.999956,0.999563,0.28617,0.246946,0.600866,21,20,0.999956,0.09058,0.06547,0.780962,25,8,0.999467,0.316093,0.262328,0.694283,14,9
328,1000,gaussianas,0.999907,0.990906,1.766027,1.446507,3.986796,21,20,0.999907,0.17906,0.143976,0.479591,25,8,0.999708,0.316222,0.241267,0.945317,23,18
329,1000,spline,0.999608,0.996223,0.982103,0.731528,2.625462,21,20,0.999603,0.318297,0.219594,2.174144,25,8,0.999608,0.316341,0.255388,0.829101,20,15
330,1000,gaussianas,0.999953,0.994402,1.178767,0.945301,3.27603,20,19,0.999953,0.107512,0.088505,0.43588,25,8,0.999597,0.316228,0.235531,0.877236,17,12
331,1000,gaussianas,0.999901,0.998931,0.559664,0.455005,1.488773,21,20,0.999901,0.170232,0.118186,0.493777,25,8,0.999659,0.316226,0.25975,0.719902,19,14
332,1000,gaussianas,0.999765,0.997883,0.487734,0.390918,1.088691,21,20,0.999765,0.162622,0.119769,0.514173,25,8,0.99911,0.316213,0.273218,0.620802,22,17
333,1000,gaussianas,0.999898,0.998471,0.682686,0.544885,1.952549,21,20,0.999898,0.176175,0.136288,0.611827,22,7,0.999672,0.316223,0.244906,0.960682,22,17
334,1000,gaussianas,0.999761,0.991839,1.223767,0.97608,3.689202,19,18,0.999761,0.209248,0.172607,0.708163,25,8,0.999455,0.31623,0.255119,0.754043,23,18
335,1000,spline,0.999517,0.997307,0.747391,0.535557,2.104568,19,18,0.999446,0.339148,0.253308,2.376957,25,8,0.999517,0.316386,0.241126,1.01899,18,13
336,1000,polinomio,1.0,1.0,0.00101,0.0008,0.005148,21,20,0.999999,0.017825,0.010773,0.179152,25,8,0.999959,0.118357,0.097371,0.474077,7,2
337,1000,gaussianas,0.999851,0.996107,0.764126,0.565945,1.841737,19,18,0.999851,0.149422,0.110791,0.822882,25,8,0.999333,0.316273,0.243758,0.790655,23,18
338,1000,gaussianas,0.999987,0.999878,0.17293,0.14756,0.542279,21,20,0.999987,0.055665,0.039896,0.177304,25,8,0.999591,0.316228,0.248087,0.793119,15,10
339,1000,gaussianas,0.999973,0.99954,0.393048,0.316618,0.960324,21,20,0.999973,0.095793,0.07457,0.349394,25,8,0.999702,0.316227,0.222027,0.940928,16,11
340,1000,spline,0.999753,0.995802,1.302865,1.083372,2.870524,21,20,0.999021,0.629181,0.45924,2.989571,25,8,0.999753,0.316286,0.256243,0.789466,30,25
341,1000,gaussianas,0.999995,0.998894,0.475018,0.391831,0.992389,21,20,0.999995,0.033093,0.025108,0.171412,25,8,0.99951,0.316251,0.256247,0.712902,14,9
342,1000,gaussianas,0.999903,0.998926,0.376668,0.27099,1.183867,19,18,0.999903,0.113297,0.094725,0.290022,25,8,0.999243,0.31622,0.265457,0.823539,17,12
343,1000,gaussianas,0.999577,0.989931,1.370134,1.153715,4.691661,19,18,0.999577,0.280748,0.220694,0.678256,25,8,0.999464,0.316236,0.255279,0.845604,26,21
344,1000,polinomio,1.0,1.0,0.006485,0.005501,0.022995,19,18,0.999997,0.017458,0.009202,0.220937,25,8,0.999108,0.316196,0.281398,0.911522,9,4
345,1000,gaussianas,0.999924,0.99759,0.713521,0.53879,2.257492,21,20,0.999924,0.126696,0.096919,0.565056,22,7,0.999526,0.316313,0.243155,0.892053,18,13
346,1000,gaussianas,0.999909,0.999821,0.277221,0.219228,0.754526,19,18,0.999909,0.197406,0.144182,1.787936,25,8,0.999767,0.316381,0.267484,0.833842,18,13
347,1000,gaussianas,0.999901,0.999095,0.515569,0.427175,1.203815,20,19,0.999901,0.170922,0.146977,0.348676,22,7,0.99966,0.316202,0.266514,0.886531,20,15
348,1000,gaussianas,1.0,0.99999,0.062157,0.051688,0.183983,20,19,1.0,0.004366,0.003546,0.014577,25,8,0.999745,0.316227,0.237708,0.814458,13,8
349,1000,gaussianas,0.999846,0.997404,0.703671,0.481127,1.923281,21,20,0.999846,0.171179,0.098199,1.525538,22,7,0.999476,0.316228,0.247921,1.347475,22,17
350,1000,gaussianas,0.999944,0.999891,0.227469,0.175562,0.841964,19,18,0.999944,0.163327,0.10531,1.249175,25,8,0.99979,0.316301,0.260013,1.057404,17,12
351,1000,gaussianas,0.999775,0.997821,0.540968,0.460985,1.639507,20,19,0.999775,0.173649,0.134188,0.552489,25,8,0.999255,0.316218,0.258349,0.732472,19,14
352,1000,gaussianas,0.99982,0.999778,0.284572,0.216017,0.754443,21,20,0.99982,0.256213,0.166239,1.853216,25,8,0.999727,0.31619,0.246852,0.851841,18,13
353,1000,gaussianas,0.999905,0.997447,0.596062,0.491241,1.568546,21,20,0.999905,0.114762,0.089914,0.324352,25,8,0.999281,0.316227,0.242178,0.889222,20,15
354,1000,gaussianas,0.999984,0.999519,0.20619,0.166039,0.495266,19,18,0.999984,0.037289,0.028907,0.230052,25,8,0.998868,0.316224,0.266235,0.839069,15,10
355,1000,gaussianas,0.999627,0.983798,1.763152,1.454554,5.272748,21,20,0.999627,0.267598,0.176252,0.812225,25,8,0.999479,0.316226,0.236159,0.786082,22,17
356,1000,gaussianas,0.999734,0.997158,0.70697,0.546716,2.2233,21,20,0.999734,0.216192,0.177357,0.711126,25,8,0.999431,0.316226,0.246887,0.834405,21,16
357,1000,gaussianas,0.999868,0.99905,0.444222,0.371351,1.12827,21,20,0.999868,0.1653,0.128568,1.49136,25,8,0.999519,0.31626,0.272972,1.217812,19,14
358,1000,polinomio,1.0,1.0,0.005693,0.004039,0.032019,21,20,0.999988,0.032697,0.0186,0.440759,25,8,0.998878,0.316238,0.27092,1.210726,10,5
359,1000,gaussianas,0.999778,0.999143,0.368663,0.279077,1.739896,21,20,0.999778,0.187541,0.116043,0.973253,25,8,0.999369,0.316226,0.269445,0.840811,16,11
360,1000,polinomio,0.999934,0.999934,0.013258,0.01048,0.034367,21,20,0.999912,0.015266,0.010283,0.155194,25,8,0.962293,0.316074,0.275273,0.548383,11,6
361,1000,polinomio,0.999999,0.999999,0.02384,0.020303,0.050926,21,20,0.999989,0.075448,0.040978,0.785069,25,8,0.999812,0.316353,0.263885,0.625355,10,5
362,1000,gaussianas,0.999974,0.999805,0.269981,0.218375,0.932388,21,20,0.999974,0.098208,0.047952,0.955191,25,8,0.999732,0.31623,0.244294,0.757869,13,8
363,1000,spline,0.999862,0.997568,1.329213,1.016559,3.931998,21,20,0.999817,0.364804,0.244881,2.744336,25,8,0.999862,0.316226,0.240701,0.99393,23,18
364,1000,spline,0.999716,0.993614,1.501434,1.156078,3.857654,21,20,0.999545,0.400909,0.340789,0.896151,25,8,0.999716,0.316346,0.22417,0.932289,22,17
365,1000,gaussianas,0.999997,0.99979,0.157751,0.136147,0.519704,21,20,0.999997,0.018218,0.012972,0.079055,25,8,0.999157,0.316245,0.252901,1.159019,13,8
366,1000,gaussianas,1.0,0.999995,0.029598,0.024878,0.098704,19,18,1.0,0.005643,0.004745,0.022647,25,8,0.999448,0.316226,0.228363,1.433626,9,4
367,1000,gaussianas,0.999785,0.999782,0.125983,0.103759,0.493609,21,20,0.999785,0.124893,0.065835,1.134484,25,8,0.998624,0.316215,0.259488,0.796115,15,10
368,1000,spline,0.999638,0.99559,1.104099,0.869905,2.949681,19,18,0.999091,0.50121,0.251139,4.797618,25,8,0.999638,0.316267,0.258199,0.747645,22,17
369,1000,gaussianas,0.999999,0.999987,0.032932,0.028674,0.128206,21,20,0.999999,0.009273,0.005347,0.096741,25,8,0.998785,0.316262,0.271253,0.714772,12,7
370,1000,spline,0.999567,0.997398,0.775418,0.612218,2.477613,21,20,0.999558,0.319575,0.239458,1.014453,25,8,0.999567,0.3162,0.260043,0.802122,23,18
371,1000,spline,0.999788,0.989883,2.182705,1.637649,6.576918,21,20,0.999374,0.54315,0.456857,1.416932,25,8,0.999788,0.316291,0.276739,0.596986,23,18
372,1000,polinomio,0.999993,0.999993,0.046339,0.039662,0.115096,21,20,0.999991,0.052864,0.026552,0.63883,25,8,0.999691,0.316079,0.275295,0.865792,10,5
373,1000,gaussianas,0.999995,0.999071,0.431304,0.351898,1.468075,21,20,0.999995,0.032421,0.027498,0.072119,25,8,0.999501,0.316087,0.230507,0.700872,14,9
374,1000,polinomio,1.0,1.0,0.006266,0.005175,0.015122,20,19,0.999954,0.116658,0.079875,1.076552,25,8,0.999659,0.316229,0.265319,0.805383,9,4
375,1000,gaussianas,0.999923,0.999855,0.248356,0.20661,0.561514,20,19,0.999923,0.180743,0.094515,1.791272,25,8,0.999764,0.316295,0.250195,0.73251,17,12
376,1000,gaussianas,0.999854,0.999582,0.31027,0.269716,0.966142,20,19,0.999854,0.18366,0.117098,1.953661,25,8,0.999566,0.316099,0.263589,1.170763,18,13
377,1000,polinomio,0.999999,0.999999,0.017432,0.01439,0.043388,20,19,0.999995,0.036933,0.018131,0.416288,25,8,0.999598,0.316287,0.264917,0.625848,9,4
378,1000,gaussianas,0.999506,0.995908,0.428641,0.321327,1.117191,21,20,0.999506,0.148987,0.111901,0.750921,25,8,0.997773,0.316226,0.269183,0.718689,16,11
379,1000,gaussianas,0.999763,0.998796,0.64974,0.501445,2.888175,21,20,0.999763,0.288448,0.238666,1.677534,25,8,0.999715,0.316227,0.253831,0.943246,21,16
380,1000,polinomio,0.999984,0.999984,0.057802,0.047701,0.35066,20,19,0.999952,0.101452,0.066233,1.129174,25,8,0.999534,0.316239,0.268311,1.450346,14,9
381,1000,gaussianas,0.999922,0.998266,0.670352,0.580174,1.853201,21,20,0.999922,0.142231,0.117474,0.365054,25,8,0.999614,0.316232,0.264404,0.846971,23,18
382,1000,gaussianas,0.999979,0.999703,0.358133,0.240219,1.137962,21,20,0.999979,0.094808,0.068984,0.300756,25,8,0.999768,0.31623,0.26809,0.968921,19,14
383,1000,gaussianas,0.999987,0.999081,0.508499,0.444246,1.614672,19,18,0.999987,0.06112,0.04873,0.176139,25,8,0.999644,0.316249,0.264207,0.709903,14,9
384,1000,polinomio,0.999941,0.999941,0.110911,0.098229,0.309269,21,20,0.999935,0.116272,0.073511,1.098261,25,8,0.999519,0.316251,0.272876,0.811995,13,8
385,1000,polinomio,0.999999,0.999999,0.002853,0.002205,0.013879,21,20,0.999992,0.00913,0.00657,0.11088,25,8,0.996274,0.195318,0.165405,0.397496,7,2
386,1000,polinomio,1.0,1.0,0.005547,0.00458,0.024409,21,20,1.0,0.004483,0.002669,0.050264,25,8,0.999868,0.316156,0.258637,1.418767,9,4
387,1000,spline,0.99928,0.984866,1.450014,1.254342,4.333213,20,19,0.998805,0.407505,0.321648,3.220487,25,8,0.99928,0.316227,0.261516,0.689178,27,22
388,1000,gaussianas,0.99993,0.991487,0.981885,0.773773,3.317263,21,20,0.99993,0.089265,0.074615,0.291949,25,8,0.999116,0.316382,0.251304,0.756545,17,12
389,1000,spline,0.999611,0.986833,1.838724,1.378345,4.939861,20,19,0.999422,0.385268,0.281706,1.07211,25,8,0.999611,0.316188,0.239914,0.955198,26,21
390,1000,gaussianas,1.0,0.999957,0.028222,0.022889,0.099271,19,18,1.0,0.002691,0.001951,0.008651,25,8,0.994618,0.316264,0.253067,0.672925,11,6
391,1000,spline,0.999338,0.994997,0.869862,0.724419,2.294766,21,20,0.995793,0.797642,0.564105,5.80376,25,8,0.999338,0.316363,0.255626,0.786379,22,17
392,1000,gaussianas,0.999958,0.999744,0.253043,0.185962,0.801989,19,18,0.999958,0.102266,0.079112,0.283933,25,8,0.9996,0.316226,0.243599,1.34028,18,13
393,1000,spline,0.999639,0.990232,1.645805,1.309785,3.719845,21,20,0.999282,0.446242,0.336078,1.5992,25,8,0.999639,0.316228,0.25625,0.850047,25,20
394,1000,gaussianas,0.999995,0.999913,0.158604,0.13212,0.72407,21,20,0.999995,0.039774,0.032369,0.205011,25,8,0.999655,0.316228,0.258615,0.680318,13,8
395,1000,gaussianas,1.0,0.999998,0.014471,0.01106,0.055522,21,20,1.0,0.002649,0.002074,0.007009,25,8,0.999166,0.316209,0.272327,0.638287,11,6
396,1000,polinomio,1.0,1.0,0.001482,0.001279,0.004065,21,20,0.999987,0.018362,0.010402,0.257225,25,8,0.999628,0.097577,0.077862,0.363407,7,2
397,1000,gaussianas,0.999989,0.999209,0.48135,0.371845,1.326903,19,18,0.999989,0.056757,0.048261,0.236976,25,8,0.999659,0.316195,0.258295,1.001033,15,10
398,1000,gaussianas,0.999735,0.999667,0.225123,0.174294,0.615954,21,20,0.999735,0.200696,0.136047,1.149411,25,8,0.999342,0.316331,0.24588,0.775169,18,13
399,1000,gaussianas,0.999942,0.998418,0.7794,0.648646,2.417429,21,20,0.999942,0.148697,0.090185,1.242674,25,8,0.99974,0.316212,0.259933,0.692288,17,12
400,1000,gaussianas,1.0,0.999999,0.013077,0.010546,0.050303,19,18,1.0,0.002767,0.002355,0.006629,22,7,0.999459,0.316218,0.26804,1.040932,9,4
401,1000,spline,0.999753,0.997037,1.095936,0.879792,3.435121,21,20,0.99958,0.412638,0.319265,1.454315,25,8,0.999753,0.316232,0.264174,1.057605,24,19
402,1000,gaussianas,0.999843,0.997426,0.936157,0.806793,3.417452,21,20,0.999843,0.231339,0.199026,0.482981,25,8,0.999706,0.31622,0.254663,1.307744,23,18
403,1000,gaussianas,0.999872,0.998353,0.560542,0.483546,1.791678,21,20,0.999872,0.156482,0.11478,0.50315,25,8,0.999476,0.316115,0.264707,0.803343,19,14
404,1000,gaussianas,1.0,0.999959,0.168522,0.140879,0.466609,21,20,1.0,0.013417,0.011655,0.050661,25,8,0.999857,0.316226,0.253047,0.941055,11,6
405,1000,gaussianas,1.0,0.999986,0.076044,0.061798,0.281579,21,20,1.0,0.005036,0.003573,0.027548,25,8,0.999751,0.316229,0.257826,0.688956,10,5
406,1000,spline,0.999611,0.996212,0.987416,0.789079,2.213649,21,20,0.998752,0.566693,0.376741,3.170747,25,8,0.999611,0.316288,0.255983,0.907183,22,17
407,1000,spline,0.99964,0.997056,0.904118,0.631216,2.448314,19,18,0.998061,0.733785,0.439251,4.921438,25,8,0.99964,0.316252,0.240801,0.801519,20,15
408,1000,polinomio,1.0,1.0,0.00078,0.000547,0.002713,19,18,0.9999,0.090821,0.055705,0.618162,25,8,0.99982,0.121571,0.095737,0.492297,7,2
409,1000,gaussianas,0.999969,0.999628,0.187132,0.159041,0.858927,21,20,0.999969,0.054039,0.039212,0.377559,25,8,0.998937,0.316229,0.269707,0.723673,17,12
410,1000,gaussianas,1.0,0.999999,0.014886,0.012936,0.046189,21,20,1.0,0.001922,0.001461,0.006964,25,8,0.999462,0.316225,0.256634,0.774622,9,4
411,1000,polinomio,0.999996,0.999996,0.041345,0.036054,0.108715,20,19,0.999992,0.056969,0.036307,0.634635,25,8,0.999755,0.316221,0.266917,0.7498,11,6
412,1000,polinomio,0.999985,0.999985,0.054138,0.042925,0.129455,21,20,0.999946,0.104576,0.047174,1.027595,25,8,0.999503,0.316353,0.266544,1.062552,13,8
413,1000,polinomio,1.0,1.0,0.001612,0.001242,0.00414,21,20,1.0,0.00054,0.000428,0.003189,19,6,0.999968,0.078539,0.068127,0.248889,7,2
414,1000,gaussianas,0.999993,0.999826,0.193024,0.158626,0.560443,21,20,0.999993,0.03864,0.025342,0.471222,22,7,0.999534,0.316352,0.255335,0.762776,13,8
415,1000,polinomio,0.999994,0.999994,0.008349,0.006992,0.019244,19,18,0.999987,0.012904,0.00746,0.108266,25,8,0.998472,0.137875,0.114786,0.462995,7,2
416,1000,polinomio,0.999998,0.999998,0.021112,0.017778,0.076261,21,20,0.999987,0.054159,0.029645,0.496893,25,8,0.999572,0.316285,0.244218,0.739928,8,3
417,1000,polinomio,1.0,1.0,0.004295,0.003073,0.024344,21,20,0.999994,0.054145,0.030329,0.668586,25,8,0.999931,0.185289,0.16458,0.513554,7,2
418,1000,gaussianas,0.999671,0.990446,1.185078,0.982305,3.106287,21,20,0.999671,0.219938,0.180503,0.578225,25,8,0.99932,0.316221,0.265832,0.696606,25,20
419,1000,gaussianas,0.999796,0.994949,0.994755,0.823542,3.260205,21,20,0.999796,0.199819,0.159056,1.456593,25,8,0.99949,0.316227,0.267709,1.089668,19,14
420,1000,gaussianas,0.999861,0.995286,0.606827,0.481879,2.424438,21,20,0.999861,0.104151,0.080082,0.287839,25,8,0.99872,0.316219,0.241993,0.954859,21,16
421,1000,gaussianas,0.999921,0.999875,0.214852,0.153567,0.828389,21,20,0.999921,0.17098,0.117251,1.252818,25,8,0.999729,0.316229,0.265913,0.689141,17,12
422,1000,polinomio,1.0,1.0,0.008412,0.006997,0.026931,21,20,0.999999,0.014933,0.007108,0.144393,25,8,0.999591,0.316225,0.274646,0.675343,11,6
423,1000,polinomio,0.999908,0.999908,0.073981,0.063596,0.265753,20,19,0.999873,0.086862,0.062191,0.800099,19,6,0.998311,0.316318,0.269867,0.632543,12,7
424,1000,polinomio,0.999986,0.999986,0.080642,0.062342,0.350536,21,20,0.999983,0.0877,0.055595,0.969513,25,8,0.999782,0.316238,0.256716,0.670964,15,10
425,1000,polinomio,1.0,1.0,0.013091,0.010089,0.034735,21,20,0.999987,0.082764,0.047831,0.886063,25,8,0.999814,0.316203,0.262495,0.912974,8,3
426,1000,gaussianas,0.999972,0.999934,0.07976,0.066204,0.389093,20,19,0.999972,0.051638,0.027009,0.326383,19,6,0.998958,0.316261,0.257105,0.96068,12,7
427,1000,gaussianas,0.999962,0.999953,0.119425,0.096622,0.270195,21,20,0.999962,0.107804,0.075541,0.819683,25,8,0.999671,0.316231,0.250865,0.765597,13,8
428,1000,gaussianas,0.999887,0.994422,0.668734,0.499618,1.899284,21,20,0.999887,0.095185,0.076109,0.310846,25,8,0.998752,0.316292,0.237899,0.805034,19,14
429,1000,gaussianas,0.999991,0.999769,0.220888,0.158393,0.680755,21,20,0.999991,0.044235,0.033475,0.222394,25,8,0.999527,0.316094,0.253708,0.907893,15,10
430,1000,spline,0.999323,0.995862,0.782079,0.659409,1.965034,20,19,0.999251,0.332802,0.198088,2.919314,25,8,0.999323,0.316267,0.259151,0.732409,22,17
431,1000,gaussianas,0.999777,0.999613,0.369499,0.3155,1.169505,19,18,0.999777,0.280104,0.135464,2.998193,25,8,0.999716,0.316197,0.268555,0.837225,17,12
432,1000,spline,0.999719,0.996121,1.174629,0.937915,3.170032,19,18,0.998422,0.749262,0.468105,5.003283,25,8,0.999719,0.316208,0.242095,1.266806,22,17
433,1000,gaussianas,0.999999,0.99993,0.178608,0.149594,0.577077,21,20,0.999999,0.022498,0.018882,0.06853,25,8,0.999781,0.316258,0.257521,0.797514,16,11
434,1000,gaussianas,0.999986,0.998411,0.751101,0.634203,1.770987,21,20,0.999986,0.069285,0.055043,0.256499,25,8,0.999718,0.316227,0.251755,0.849762,22,17
435,1000,gaussianas,0.999997,0.999988,0.046458,0.03656,0.159917,21,20,0.999997,0.022139,0.017089,0.058489,25,8,0.999437,0.31623,0.264008,0.84678,13,8
436,1000,polinomio,1.0,1.0,0.001843,0.001419,0.008473,21,20,0.999836,0.091514,0.06088,0.563975,25,8,0.999837,0.091188,0.069013,0.437555,7,2
437,1000,gaussianas,1.0,0.999991,0.0407,0.033163,0.177115,21,20,1.0,0.006788,0.005598,0.029417,25,8,0.999446,0.316113,0.27142,0.949481,9,4
438,1000,gaussianas,1.0,0.999999,0.016006,0.013125,0.037504,19,18,1.0,0.004664,0.003509,0.014109,25,8,0.999614,0.316272,0.267253,0.599439,12,7
439,1000,gaussianas,1.0,0.999999,0.011977,0.010429,0.049429,19,18,1.0,0.00121,0.000917,0.003569,25,8,0.999295,0.31638,0.26894,1.12447,10,5
440,1000,gaussianas,0.99996,0.999565,0.381921,0.305955,0.84792,21,20,0.99996,0.116391,0.083608,0.764268,25,8,0.999702,0.31623,0.257052,0.74233,15,10
441,1000,gaussianas,0.999999,0.999994,0.055648,0.039826,0.160316,17,16,0.999999,0.016651,0.010791,0.051564,25,8,0.999792,0.316229,0.278873,0.557769,13,8
442,1000,polinomio,0.999864,0.999864,0.161077,0.130136,0.58832,21,20,0.999597,0.277457,0.161718,2.528061,25,8,0.999476,0.316203,0.254284,0.75114,13,8
443,1000,gaussianas,0.999992,0.99766,1.088741,0.903755,2.786363,19,18,0.999992,0.062558,0.048127,0.172374,25,8,0.999803,0.31629,0.23978,0.926713,17,12
444,1000,spline,0.999596,0.997749,0.746124,0.608681,1.802383,21,20,0.999576,0.324034,0.224516,3.274645,25,8,0.999596,0.316238,0.253182,0.752433,23,18
445,1000,gaussianas,0.999903,0.992975,1.060045,0.877621,2.561117,19,18,0.999903,0.124748,0.099064,0.611025,25,8,0.999375,0.316199,0.263228,0.700379,22,17
446,1000,spline,0.999221,0.995253,0.780886,0.59748,2.23466,21,20,0.991707,1.032108,0.624093,6.937474,25,8,0.999221,0.316278,0.265071,0.721254,24,19
447,1000,polinomio,0.999999,0.999999,0.004136,0.003041,0.020469,19,18,0.999908,0.047006,0.026892,0.605024,25,8,0.99585,0.31624,0.269268,0.634289,8,3
448,1000,gaussianas,0.999998,0.999821,0.243521,0.198892,0.755823,19,18,0.999998,0.028449,0.022151,0.067845,25,8,0.999699,0.316242,0.242079,0.715673,15,10
449,1000,gaussianas,0.999487,0.998465,0.399267,0.299843,1.183629,21,20,0.999487,0.230915,0.193738,0.755991,25,8,0.999037,0.316205,0.271801,0.682115,23,18
450,1000,gaussianas,0.999879,0.99837,0.579845,0.475416,1.624656,21,20,0.999879,0.15811,0.115142,0.554011,25,8,0.999515,0.316178,0.268239,1.246615,21,16
451,1000,polinomio,0.999997,0.999997,0.038656,0.033195,0.147475,21,20,0.999979,0.103365,0.057704,0.925874,25,8,0.999799,0.316355,0.256705,0.70708,12,7
452,1000,polinomio,0.999694,0.999694,0.263592,0.200884,0.789476,20,19,0.999614,0.296041,0.181062,2.416948,25,8,0.99956,0.316208,0.261479,0.734186,16,11
453,1000,gaussianas,1.0,0.999979,0.093176,0.078704,0.319463,21,20,1.0,0.007682,0.005257,0.062434,25,8,0.999757,0.316265,0.259234,0.679516,12,7
454,1000,spline,0.999479,0.97507,2.188765,1.690061,5.236546,21,20,0.999228,0.385089,0.3368,0.766966,25,8,0.999479,0.316337,0.253116,0.859083,22,17
455,1000,gaussianas,0.999661,0.996002,0.890321,0.736117,2.023561,19,18,0.999661,0.259238,0.189526,1.276322,25,8,0.999496,0.316138,0.250256,0.836422,26,21
456,1000,gaussianas,1.0,0.999984,0.08244,0.0726,0.250582,20,19,1.0,0.004158,0.003145,0.016758,25,8,0.999768,0.316285,0.224991,0.753789,13,8
457,1000,gaussianas,0.999994,0.999518,0.364664,0.302004,1.192076,20,19,0.999994,0.038997,0.03317,0.098447,25,8,0.999638,0.31623,0.255542,0.77356,16,11
458,1000,gaussianas,0.999995,0.999952,0.128751,0.104516,0.296255,21,20,0.999995,0.041484,0.036246,0.08917,25,8,0.999709,0.316381,0.266078,1.013102,15,10
459,1000,gaussianas,0.999937,0.999871,0.129439,0.10988,0.324121,21,20,0.999937,0.090645,0.061206,0.866947,25,8,0.999229,0.316228,0.264724,1.234306,15,10
460,1000,gaussianas,0.999802,0.998813,0.466161,0.408235,1.557338,21,20,0.999802,0.190447,0.122003,1.054984,25,8,0.999454,0.316232,0.232832,0.953816,21,16
461,1000,polinomio,0.999998,0.999998,0.012921,0.010557,0.044419,17,16,0.9999,0.096211,0.064318,0.973908,25,8,0.998915,0.316285,0.269753,0.580143,10,5
462,1000,spline,0.999636,0.999461,0.385075,0.283243,1.082324,21,20,0.999387,0.41069,0.244891,3.218265,22,7,0.999636,0.316218,0.226829,0.824581,16,11
463,1000,gaussianas,0.99972,0.996813,0.479926,0.366779,1.781037,19,18,0.99972,0.142151,0.112356,0.373175,25,8,0.998618,0.316084,0.243981,0.927872,20,15
464,1000,spline,0.999613,0.997369,0.825057,0.656727,2.218786,19,18,0.999396,0.395325,0.293683,2.270267,25,8,0.999613,0.316227,0.253621,1.043937,20,15
465,1000,gaussianas,0.999948,0.998478,0.865438,0.711951,3.195471,21,20,0.999948,0.159535,0.122841,0.415728,25,8,0.999797,0.316231,0.263861,0.699882,23,18
466,1000,polinomio,1.0,1.0,0.010297,0.008695,0.023082,21,20,0.999995,0.04029,0.023322,0.437181,25,8,0.99969,0.31622,0.2402,0.897852,10,5
467,1000,spline,0.999788,0.997089,1.17127,0.967611,4.53239,21,20,0.999701,0.375304,0.302078,1.094268,25,8,0.999788,0.316217,0.255924,1.047574,27,22
468,1000,polinomio,1.0,1.0,0.005707,0.004576,0.015357,20,19,1.0,0.000822,0.000633,0.00279,25,8,0.99882,0.316229,0.263988,1.08064,8,3
469,1000,polinomio,0.999999,0.999999,0.009894,0.008014,0.02557,21,20,0.999989,0.039303,0.021849,0.396505,25,8,0.999262,0.316252,0.269512,0.680518,11,6
470,1000,gaussianas,0.999999,0.999847,0.175443,0.141106,0.735182,21,20,0.999999,0.017362,0.014766,0.039045,25,8,0.999503,0.316233,0.260888,0.810773,14,9
471,1000,gaussianas,0.999961,0.994908,1.050298,0.760427,2.99566,21,20,0.999961,0.09168,0.071577,0.214535,25,8,0.999538,0.316215,0.245958,0.83603,18,13
472,1000,gaussianas,0.999751,0.991135,1.61625,1.301015,5.398419,21,20,0.999751,0.271044,0.206281,2.146427,25,8,0.999661,0.316215,0.243884,0.867438,20,15
473,1000,gaussianas,0.999687,0.993394,1.320401,1.146812,4.461467,21,20,0.999687,0.287545,0.23413,0.969933,25,8,0.999621,0.316223,0.257359,0.751485,28,23
474,1000,polinomio,0.999999,0.999999,0.014609,0.011873,0.034837,17,16,0.999947,0.088369,0.055287,0.800246,25,8,0.999326,0.316238,0.272707,1.154044,11,6
475,1000,spline,0.999055,0.995026,0.725385,0.607487,1.828047,21,20,0.998138,0.443856,0.3347,1.360453,25,8,0.999055,0.31623,0.244977,0.958545,25,20
476,1000,spline,0.999637,0.996419,0.993286,0.79804,2.201563,21,20,0.999207,0.467458,0.361606,1.532635,25,8,0.999637,0.31622,0.247999,0.856977,24,19
477,1000,spline,0.999628,0.997581,0.806559,0.628743,2.193985,19,18,0.999006,0.51692,0.332106,4.269977,25,8,0.999628,0.316227,0.257837,0.816082,20,15
478,1000,polinomio,1.0,1.0,0.003122,0.002377,0.007777,19,18,1.0,0.001829,0.001435,0.004758,25,8,0.999829,0.179269,0.150245,0.351168,7,2
479,1000,spline,0.999847,0.993733,2.022606,1.469089,5.1773,19,18,0.999716,0.430594,0.350402,0.939823,25,8,0.999847,0.316214,0.254744,0.74329,22,17
480,1000,gaussianas,0.999721,0.999518,0.219948,0.183543,0.557799,21,20,0.999721,0.167265,0.108943,1.552792,25,8,0.999004,0.316249,0.274504,0.783946,15,10
481,1000,polinomio,0.999914,0.999914,0.094843,0.077423,0.316488,21,20,0.99991,0.097015,0.04906,0.982565,25,8,0.999046,0.316318,0.260728,0.685839,13,8
482,1000,polinomio,0.999999,0.999999,0.010917,0.008721,0.028129,19,18,0.999961,0.065847,0.038928,0.788194,22,7,0.999096,0.316307,0.261428,0.9386,9,4
483,1000,polinomio,1.0,1.0,0.006911,0.005463,0.02088,21,20,1.0,0.004485,0.003476,0.022446,25,8,0.999589,0.316316,0.270476,0.629856,9,4
484,1000,spline,0.999412,0.987517,1.456507,1.16281,3.520901,21,20,0.997738,0.61999,0.473803,3.982643,25,8,0.999412,0.316171,0.258373,0.763326,26,21
485,1000,gaussianas,0.999999,0.99995,0.112164,0.09158,0.31053,21,20,0.999999,0.011869,0.009697,0.024414,25,8,0.999606,0.316273,0.254474,0.69382,15,10
486,1000,gaussianas,1.0,0.99999,0.050397,0.042536,0.126141,21,20,1.0,0.007247,0.005394,0.037652,25,8,0.999624,0.316336,0.269492,1.14029,13,8
487,1000,polinomio,1.0,1.0,0.008797,0.007035,0.029538,20,19,1.0,0.001732,0.001329,0.004918,25,8,0.999574,0.316303,0.278243,0.890855,12,7
488,1000,gaussianas,0.99999,0.999222,0.608041,0.492511,1.385575,21,20,0.99999,0.070391,0.045463,0.346088,25,8,0.99979,0.316226,0.251317,1.006057,20,15
489,1000,spline,0.999621,0.998494,0.630359,0.495473,1.60426,20,19,0.999354,0.412812,0.264697,3.519515,22,7,0.999621,0.31623,0.242171,0.78486,21,16
490,1000,gaussianas,0.999995,0.999744,0.21228,0.16339,1.287017,21,20,0.999995,0.031093,0.024311,0.164004,25,8,0.999431,0.316202,0.28076,0.563349,16,11
491,1000,polinomio,0.999999,0.999999,0.011316,0.009808,0.036328,19,18,0.999999,0.010315,0.005133,0.113071,25,8,0.999217,0.291153,0.240712,1.065038,7,2
492,1000,polinomio,1.0,1.0,0.002908,0.00245,0.013298,21,20,1.0,0.001705,0.001468,0.006081,25,8,0.999852,0.223251,0.182513,0.988115,7,2
493,1000,gaussianas,0.999913,0.997588,0.462415,0.386113,1.48992,21,20,0.999913,0.088039,0.068146,0.235494,25,8,0.998872,0.316227,0.25334,1.112235,21,16
494,1000,gaussianas,0.999641,0.995714,0.739698,0.571113,1.92124,17,16,0.999641,0.214051,0.161273,0.952819,22,7,0.999217,0.316233,0.259361,0.942344,23,18
495,1000,gaussianas,0.999683,0.98929,0.875344,0.701628,2.387406,19,18,0.999683,0.150711,0.11329,0.416915,25,8,0.998602,0.316258,0.255665,0.683367,21,16
496,1000,gaussianas,0.999989,0.999577,0.314959,0.243172,0.966153,21,20,0.999989,0.049845,0.039878,0.219439,25,8,0.999574,0.316222,0.253388,0.837484,17,12
497,1000,gaussianas,0.999997,0.999301,0.607718,0.447321,1.543489,21,20,0.999997,0.036639,0.02222,0.121142,25,8,0.999811,0.316227,0.245359,0.784443,19,14
498,1000,polinomio,0.999999,0.999999,0.01014,0.008509,0.022679,21,20,0.999984,0.050299,0.028336,0.474203,25,8,0.999368,0.316228,0.266986,0.639275,10,5
499,1000,gaussianas,0.999999,0.999982,0.075852,0.06392,0.181929,20,19,0.999999,0.019681,0.014338,0.056359,25,8,0.999679,0.316233,0.262966,0.703497,12,7
500,1000,gaussianas,0.999871,0.999803,0.355778,0.285743,1.008072,21,20,0.999871,0.2873,0.193145,1.493249,25,8,0.999844,0.316229,0.269965,0.70962,21,16
