curva,mejor_metodo,r2_mejor,r2_gauss,r2_spline,n_campanas,c,n_knots,A_1,mu_1,sigma_1,A_2,mu_2,sigma_2
1,gaussianas,0.999808,0.999808,0.999606,8,-11.835891,17,41.22649,48.723458,20.251726,15.681822,81.937269,13.194027
2,gaussianas,0.999839,0.999839,0.999541,8,24.628787,15,32.220651,41.26476,19.107316,10.559131,59.474914,23.524688
3,gaussianas,0.999996,0.999996,0.999785,8,23.49759,11,5.91403,22.050161,13.620436,1.646474,49.226884,7.610249
4,polinomio,0.999999,0.999977,0.999309,8,24.221983,5,27.984211,23.08734,16.855711,24.287638,52.313043,15.514113
5,gaussianas,0.999978,0.999978,0.999229,8,-12.889283,9,14.606161,15.299145,11.480807,58.344733,38.02418,18.759506
6,gaussianas,1.0,1.0,0.999874,8,7.020895,8,0.93937,29.072456,4.705135,11.15133,35.498984,14.451442
7,polinomio,1.0,0.999995,0.999571,8,32.078607,3,0.826364,15.72641,3.1995,19.352937,49.506849,12.366535
8,gaussianas,0.999853,0.999853,0.999383,8,23.069191,13,8.027732,13.093095,7.923764,21.416748,28.214879,13.382176
9,polinomio,0.999728,0.999682,0.998404,8,1.17905,5,18.142239,16.589101,8.870681,51.949817,42.763624,17.857027
10,gaussianas,0.999936,0.999936,0.999203,8,-25.476605,9,12.060544,36.575228,10.362554,68.811107,53.038946,28.192818
11,gaussianas,0.999995,0.999995,0.999708,8,-9.765643,12,41.416327,43.253026,21.237523,1.079154,57.582403,4.35773
12,gaussianas,0.999992,0.999992,0.999788,8,-9.584813,8,25.004828,18.066313,16.866894,5.271633,34.816096,7.505623
13,gaussianas,0.999897,0.999897,0.998967,8,-16.182212,13,11.274709,16.325377,8.657904,42.949777,35.21117,14.17125
14,gaussianas,0.999773,0.999773,0.999711,8,-8.115598,15,5.407974,14.733662,8.912468,68.165542,46.95867,18.96301
15,gaussianas,0.999987,0.999987,0.99942,8,-25.434099,11,79.976468,37.803463,20.552223,6.768664,33.946545,4.44694
16,polinomio,0.999908,0.999807,0.99952,8,3.930488,9,2.731985,12.681527,6.123122,2.182646,35.841835,3.982002
17,gaussianas,0.999999,0.999999,0.999401,8,7.549695,7,15.662264,18.541103,8.321197,28.056993,32.700284,11.244165
18,gaussianas,0.99996,0.99996,0.999614,8,-7.668585,12,10.891152,28.720256,15.695272,4.435705,48.081271,10.192523
19,gaussianas,1.0,1.0,0.999311,8,-12.530472,6,14.205712,14.170557,11.796239,0.047547,23.57005,2.518186
20,spline,0.999614,0.999386,0.999614,8,-6.048494,15,16.579856,31.971486,10.177879,45.436442,56.308131,10.702906
21,gaussianas,0.999991,0.999991,0.999582,8,32.858232,10,1.055713,15.929687,5.732447,7.16414,59.859582,9.614078
22,gaussianas,0.999923,0.999923,0.999677,8,0.472849,15,10.744239,24.935162,11.731443,38.198829,72.681329,40.304134
23,gaussianas,0.999984,0.999984,0.999672,8,32.766389,11,24.273097,27.015275,16.834307,2.470414,39.1686,6.981435
24,gaussianas,0.999994,0.999994,0.999574,8,4.834176,11,4.812491,19.826009,6.805113,8.617399,31.660793,7.592406
25,gaussianas,0.999996,0.999996,0.999782,8,-61.49261,11,31.470771,7.859779,45.178611,25.156001,63.546142,21.291812
26,gaussianas,0.999954,0.999954,0.999446,8,-3.784907,16,2.689767,21.53943,6.788678,14.087355,64.760536,10.513625
27,gaussianas,0.999875,0.999875,0.999647,8,-77.006855,13,0.794004,27.740559,7.772061,112.36707,84.547494,30.195809
28,polinomio,0.999994,0.999833,0.999064,8,8.749321,4,4.987357,24.462316,10.277694,36.552466,44.647825,19.782473
29,spline,0.99939,0.997449,0.99939,8,31.036533,17,16.645204,35.670038,12.727609,26.146415,59.088097,12.130686
30,spline,0.999641,0.999386,0.999641,8,-73.045801,18,67.30769,19.19843,21.662413,139.797751,72.432659,27.783304
31,polinomio,1.0,0.999988,0.999717,8,-5.626533,3,16.815557,33.065419,12.624268,37.174371,51.717997,11.884325
32,gaussianas,1.0,1.0,0.999753,7,-2.9966,2,28.112204,17.890503,15.458864,2.338883,27.711367,5.305657
33,polinomio,1.0,0.999967,0.999934,8,27.328132,2,9.004555,33.914758,10.425108,14.393624,51.534779,9.660016
34,gaussianas,0.999914,0.999914,0.999403,8,-28.147829,13,24.124651,48.314,14.078078,28.807396,61.912827,53.492307
35,gaussianas,0.999983,0.999983,0.999708,7,-38.690764,11,71.524517,44.227668,25.915673,18.876475,80.061131,14.330885
36,gaussianas,0.999978,0.999978,0.999609,8,-10.140796,14,4.910214,40.945121,6.991402,53.634593,54.51403,28.870713
37,gaussianas,0.999873,0.999873,0.999198,8,-14.285973,11,47.72905,23.220812,18.504407,2.681908,34.473315,6.175082
38,polinomio,1.0,0.999987,0.999657,7,27.657227,3,3.523948,9.768585,3.534988,1.487928,32.084205,4.519997
39,polinomio,0.99996,0.999899,0.999743,8,6.7205,9,2.361641,29.556278,9.570032,3.251642,42.188931,7.791553
40,polinomio,0.999949,0.999949,0.999744,8,-80.479686,14,20.310031,27.349484,13.075428,3.392035,41.442718,4.969756
41,spline,0.999622,0.998988,0.999622,8,0.943824,21,15.898372,23.084042,7.681469,23.608068,41.033034,9.242497
42,gaussianas,0.999539,0.999539,0.999175,8,21.535765,12,6.585938,21.180864,9.257979,18.813997,37.668718,15.304398
43,gaussianas,0.999948,0.999948,0.999692,8,19.850519,13,16.55943,32.34107,13.946172,44.080974,63.33413,21.902249
44,polinomio,0.999978,0.99996,0.999142,8,27.628974,9,5.760803,19.694278,7.338879,2.808669,45.468384,5.38982
45,gaussianas,0.999888,0.999888,0.999734,8,7.953458,16,23.191143,31.691274,16.151107,8.762272,70.865971,17.682944
46,gaussianas,0.99978,0.99978,0.999762,8,-35.849679,20,86.544809,39.972404,27.098836,4.818429,78.287096,8.226663
47,gaussianas,0.999999,0.999999,0.999092,8,19.988322,9,0.708331,6.837037,3.875488,4.132485,45.861402,11.865285
48,polinomio,0.999994,0.999959,0.999734,8,-4.202488,5,4.338544,26.638501,5.744298,49.86844,50.488328,13.275695
49,spline,0.999674,0.998753,0.999674,8,19.185461,15,2.283097,28.163349,8.993696,59.915462,64.174092,19.949308
50,polinomio,0.999952,0.999789,0.99971,8,-5.524042,9,6.598675,9.294055,7.074663,21.250047,19.745576,10.977942
51,gaussianas,0.999893,0.999893,0.998882,8,-32.842542,12,43.823587,18.60583,8.759474,23.584958,33.191988,8.21722
52,gaussianas,1.0,1.0,0.999216,8,19.55338,3,2.643624,23.37379,8.191851,0.046886,31.341534,2.97065
53,gaussianas,0.999917,0.999917,0.997708,8,20.615904,11,16.493145,18.404656,12.626755,36.643448,43.142101,17.019705
54,spline,0.999394,0.99892,0.999394,8,14.871745,23,4.681374,22.611654,6.279468,46.127805,48.336455,12.923185
55,gaussianas,0.999999,0.999999,0.99971,8,30.427662,7,1.515036,5.604358,5.609217,0.990501,36.469001,5.633509
56,polinomio,1.0,0.999983,0.999274,8,26.61548,3,4.321871,15.255868,6.490234,0.888051,25.373407,3.659449
57,gaussianas,1.0,1.0,0.999351,8,-13.328313,3,4.473284,19.339075,6.972726,1.418381,27.641834,5.09869
58,gaussianas,0.999701,0.999701,0.999561,8,-18.304042,12,22.324761,8.726548,21.886769,95.709153,59.793166,35.353694
59,polinomio,0.99999,0.999869,0.998893,8,8.65746,7,0.526738,12.273109,5.099798,22.574836,42.790112,18.066996
60,polinomio,1.0,1.0,0.999762,8,-38.618566,5,3.209363,17.863547,5.08789,0.302647,26.217679,3.07726
61,spline,0.999058,0.996825,0.999058,8,34.749805,17,9.500369,32.369621,13.140604,38.457879,65.850535,23.682697
62,gaussianas,0.999937,0.999937,0.998978,8,7.206475,11,44.011653,55.952218,29.397487,1.692222,68.398164,6.060459
63,gaussianas,0.999974,0.999974,0.999684,8,-76.294762,12,33.314564,8.731639,17.063802,58.593333,38.069205,30.192355
64,gaussianas,0.999386,0.999386,0.999374,8,-35.813079,15,36.027675,9.262895,12.065103,49.082855,32.227824,21.12888
65,gaussianas,1.0,1.0,0.999653,8,24.335382,7,0.88376,13.450397,3.866644,36.608161,42.497342,12.310342
66,gaussianas,0.999996,0.999996,0.999825,8,0.361775,9,1.123835,20.24846,6.070938,9.733204,34.591922,13.629688
67,polinomio,0.99999,0.999804,0.999586,8,11.025865,7,5.493434,12.863018,8.215068,27.56008,29.283524,14.292753
68,gaussianas,1.0,1.0,0.999529,8,-3.786283,8,7.059618,11.051561,7.087887,30.889557,38.965382,18.194499
69,polinomio,1.0,1.0,0.999922,8,-65.392503,2,4.473269,13.482935,5.289683,25.778566,18.044662,9.000306
70,gaussianas,0.999999,0.999999,0.99931,8,16.677051,8,24.493539,22.894545,17.901221,10.985855,29.71951,8.033822
71,spline,0.999491,0.998394,0.999491,8,24.534614,15,5.240904,25.01612,5.980336,10.513042,34.989348,9.783585
72,polinomio,1.0,1.0,0.999831,8,-37.079639,2,0.905454,8.062736,3.229508,7.43661,11.679412,5.321316
73,gaussianas,0.99992,0.99992,0.999613,8,-6.479765,15,43.279422,15.688902,12.155997,34.195946,42.440016,17.964717
74,polinomio,0.999693,0.999685,0.999346,8,-42.212103,13,32.175964,9.82652,11.04845,68.35062,33.83229,21.127901
75,spline,0.999483,0.999387,0.999483,8,-11.766305,15,53.404384,31.723818,20.643942,19.895626,57.243823,13.027883
76,gaussianas,0.999945,0.999945,0.999367,8,-21.137048,10,64.68234,22.097749,18.632712,79.61761,57.705308,17.836581
77,gaussianas,1.0,1.0,0.999159,8,15.209631,9,9.426772,22.422222,7.262911,36.195747,34.044549,14.69445
78,gaussianas,0.999755,0.999755,0.999533,8,31.527543,16,3.204182,16.330597,8.940704,30.010331,88.719038,18.446445
79,gaussianas,1.0,1.0,0.999349,8,-2.767165,6,15.389247,16.623785,15.311021,24.505258,40.624612,15.287937
80,spline,0.999101,0.991952,0.999101,8,13.223506,16,23.824874,33.123759,19.206943,52.904168,64.917808,30.388597
81,gaussianas,1.0,1.0,0.999605,8,-28.046656,9,46.289671,29.776543,16.159345,8.010993,41.548808,8.057624
82,gaussianas,0.999989,0.999989,0.999773,8,-2.949001,10,9.292363,23.303364,8.980005,19.037135,35.641313,13.649308
83,gaussianas,0.999987,0.999987,0.999797,8,-4.587395,12,9.654114,18.756225,11.71184,55.055672,68.989956,25.866638
84,gaussianas,0.999185,0.999185,0.998804,8,22.38306,16,12.176513,22.338316,10.327473,27.463718,75.104221,53.220884
85,gaussianas,0.99973,0.99973,0.999189,8,31.444743,11,1.5,7.354903,8.793625,10.484048,52.15694,14.260558
86,gaussianas,0.999823,0.999823,0.999722,8,-9.069752,18,48.173634,34.884366,18.986335,36.658629,56.656067,12.61079
87,gaussianas,0.999872,0.999872,0.999149,8,34.639791,12,20.641215,38.822947,14.873241,33.154686,71.614666,15.051053
88,gaussianas,1.0,1.0,0.999732,8,4.841967,9,6.078176,16.79702,10.414508,1.819199,29.706372,6.343388
89,gaussianas,0.999394,0.999394,0.999357,8,19.067337,21,32.17583,64.691292,25.264249,13.129295,74.088815,10.870581
90,gaussianas,0.99998,0.99998,0.999705,8,27.974347,11,7.389652,22.128787,22.467632,4.789146,49.614504,10.921935
91,gaussianas,1.0,1.0,0.999772,8,-28.9149,7,34.059383,24.622826,28.528942,0.273047,29.777588,4.594399
92,gaussianas,0.999994,0.999994,0.999881,8,-16.711223,14,38.121135,46.678027,22.718534,2.875502,56.5251,8.08295
93,gaussianas,0.999954,0.999954,0.999703,8,19.264058,15,9.844401,27.603148,11.028298,13.192633,94.827659,14.946401
94,gaussianas,0.999929,0.999929,0.99972,8,-48.116646,15,10.961651,38.313404,9.01633,77.128472,60.326684,54.755067
95,polinomio,1.0,1.0,0.999655,8,-18.390501,2,1.841689,8.162364,4.009953,0.246455,13.476884,2.416096
96,gaussianas,0.999958,0.999958,0.999601,8,-4.395451,15,1.955194,19.118745,9.278306,78.834491,72.779247,32.395171
97,gaussianas,0.999865,0.999865,0.999789,8,11.54626,16,2.151648,38.169345,6.484541,20.942425,53.447749,25.568011
98,polinomio,0.999991,0.999929,0.998817,7,31.673325,7,0.240934,47.119559,5.600232,21.929169,65.829838,23.23942
99,gaussianas,1.0,1.0,0.999532,8,4.558982,7,43.746536,26.407956,21.966914,1.281575,37.536726,6.504382
100,gaussianas,0.999829,0.999829,0.999416,8,-34.940309,11,1.559561,16.142056,5.471908,8.508955,33.462497,10.901192
101,spline,0.99903,0.999007,0.99903,7,8.248926,12,4.653928,12.035235,7.323885,47.622308,34.784036,17.769873
102,polinomio,0.999967,0.999951,0.998955,8,8.589431,7,10.412416,12.26722,7.434102,10.073055,27.174713,8.771798
103,polinomio,1.0,1.0,0.998671,8,-6.17708,3,17.307705,5.193659,16.042525,0.067289,21.853751,3.809812
104,gaussianas,0.999992,0.999992,0.998884,8,22.073168,9,0.483768,11.292154,5.626429,19.563007,56.950691,14.021115
105,gaussianas,0.999583,0.999583,0.99953,8,27.552863,14,19.718324,40.137158,16.692557,33.426291,62.78332,9.671908
106,gaussianas,1.0,1.0,0.999574,8,-49.011811,6,4.849818,14.946712,7.183432,20.597607,31.066569,10.529396
107,gaussianas,1.0,1.0,0.999801,8,-37.723236,3,29.009411,14.307783,17.949468,51.265573,44.603121,16.592768
108,spline,0.999603,0.999452,0.999603,8,-8.659188,12,19.425038,12.541053,10.242249,31.821543,27.157392,15.173355
109,gaussianas,1.0,1.0,0.99971,8,-69.896295,7,59.142822,10.208441,27.279247,19.145757,30.328408,14.618506
110,polinomio,1.0,1.0,0.999789,8,19.45761,3,1.209523,12.391556,3.84995,0.437955,33.264846,3.854537
111,gaussianas,0.999972,0.999972,0.999598,8,-7.97907,6,16.917839,26.421734,11.774401,35.326738,46.556475,11.761737
112,gaussianas,0.999809,0.999809,0.999604,8,19.726303,12,14.998177,27.546425,12.002842,4.795326,39.839511,6.412956
113,spline,0.999399,0.998221,0.999399,8,36.835299,14,16.995219,25.53721,14.672413,3.282355,50.542675,7.955959
114,gaussianas,0.999858,0.999858,0.999765,8,7.851451,14,20.001413,28.73935,12.234967,48.764318,73.01681,16.703667
115,polinomio,1.0,1.0,0.999871,8,7.026456,2,9.407209,4.492225,13.865568,7.426194,21.031979,10.297799
116,gaussianas,0.999994,0.999994,0.999411,8,-37.484007,11,39.187741,14.517861,12.968172,73.792114,36.49052,17.204108
117,spline,0.999514,0.99946,0.999514,8,-66.330851,21,80.043804,30.540271,15.957382,120.716454,73.109528,23.900543
118,gaussianas,0.999992,0.999992,0.999593,8,-3.002564,11,1.573956,20.91623,4.252688,52.540026,28.714198,22.362061
119,gaussianas,0.999999,0.999999,0.999702,8,7.839266,11,31.896018,17.990492,16.804654,54.81455,47.648477,17.412416
120,gaussianas,0.99995,0.99995,0.999813,8,-10.489473,13,5.186769,14.215359,7.675375,5.653216,37.335796,5.835122
121,gaussianas,0.999558,0.999558,0.99875,8,-2.843904,16,8.473472,25.128845,8.920373,62.995194,50.332543,19.917723
122,gaussianas,0.999261,0.999261,0.99924,8,18.066822,17,12.117515,54.737015,10.147149,38.662805,64.747958,26.341269
123,gaussianas,0.999928,0.999928,0.999192,8,-20.265885,11,13.498799,19.726959,7.884101,31.263444,23.546338,16.347063
124,gaussianas,1.0,1.0,0.999682,8,-68.273894,5,4.350819,16.655358,3.872091,0.921857,21.407333,2.881304
125,spline,0.998889,0.99679,0.998889,8,-27.951196,21,86.832811,37.291562,26.810811,22.337131,75.023489,12.112261
126,gaussianas,0.999998,0.999998,0.999545,8,3.709201,8,3.515213,20.138823,7.008038,61.512098,51.765978,18.500512
127,gaussianas,0.999998,0.999998,0.999484,8,-7.826572,8,25.123386,19.161556,14.694901,1.653948,28.519594,6.649541
128,gaussianas,0.999749,0.999749,0.998963,8,11.026781,16,49.978858,27.12835,13.739121,6.417612,51.174925,6.03528
129,gaussianas,0.999974,0.999974,0.999729,8,23.14201,18,1.103875,45.559881,6.129321,18.647716,65.180849,8.936431
130,gaussianas,1.0,1.0,0.999414,8,9.32209,7,15.086959,14.4044,13.431665,16.239417,39.494723,10.884151
131,gaussianas,0.999214,0.999214,0.999214,8,15.169813,19,4.483113,25.214581,8.456278,36.25584,57.368144,16.202531
132,spline,0.998726,0.998359,0.998726,8,28.236504,18,23.444072,64.522475,31.723831,24.405109,111.2277,16.31476
133,polinomio,1.0,0.999981,0.999669,8,-16.365557,4,0.580028,8.121618,3.050958,38.219415,17.763985,10.176345
134,gaussianas,0.999995,0.999995,0.999556,8,-9.096033,11,43.010859,32.227541,29.378037,48.279279,66.511058,24.144201
135,polinomio,0.999849,0.999807,0.999672,8,-0.792314,12,16.420335,27.408977,10.047189,17.374014,46.325196,7.97508
136,polinomio,0.999984,0.999197,0.997426,8,34.84183,4,4.126336,26.576875,6.403047,9.248992,50.179979,10.387443
137,polinomio,0.999981,0.999932,0.999417,7,-20.341002,6,3.594206,17.04812,6.118558,12.855989,53.103689,17.092786
138,gaussianas,1.0,1.0,0.99962,8,7.179799,6,2.472323,17.33935,7.5817,2.389962,28.34476,6.699602
139,spline,0.999126,0.997585,0.999126,8,-14.848752,16,3.954857,10.688546,5.923495,34.805081,11.905747,14.097319
140,polinomio,1.0,0.999979,0.999962,7,12.738064,2,3.784366,17.607251,3.976824,19.927433,61.867757,14.459309
141,gaussianas,0.999858,0.999858,0.999643,8,-57.944065,15,51.282584,8.405936,31.588231,3.88575,45.200097,8.782308
142,gaussianas,0.999998,0.999998,0.999668,8,-29.556049,10,69.989609,29.484807,20.652013,66.884112,72.923633,17.217231
143,spline,0.999062,0.998601,0.999062,8,-2.721522,15,19.298208,20.062626,8.343325,15.913282,31.686058,12.330895
144,gaussianas,0.999999,0.999999,0.999784,8,17.308742,9,21.913327,30.525645,8.264263,48.32724,48.122955,11.325581
145,gaussianas,0.999945,0.999945,0.999854,8,4.888823,12,11.266425,31.179173,16.684613,21.896378,87.906136,29.937822
146,gaussianas,0.999992,0.999992,0.998407,8,9.306967,8,14.673667,34.938697,15.232553,1.680155,39.814377,5.269072
147,gaussianas,0.999999,0.999999,0.9997,8,15.851173,6,1.852911,12.775019,8.489954,25.363907,68.98332,17.603137
148,polinomio,0.999992,0.999898,0.99958,8,-13.468829,7,8.814541,9.101971,5.785994,22.447484,17.521822,13.359664
149,gaussianas,1.0,1.0,0.999721,8,-18.987288,5,53.834372,28.615748,23.611594,6.553863,31.180785,8.684861
150,gaussianas,1.0,1.0,0.999785,7,-25.387454,5,39.506134,27.067903,24.426926,3.748376,30.107769,6.469311
151,spline,0.999769,0.999448,0.999769,8,4.05659,17,15.952114,68.297141,25.476465,46.460235,95.465821,18.563734
152,spline,0.999732,0.999136,0.999732,8,3.477098,18,8.097821,32.011953,6.955838,22.339847,57.458632,10.761655
153,gaussianas,0.99999,0.99999,0.999139,8,24.049209,8,4.730008,12.620318,11.639602,24.848831,37.644529,18.017294
154,gaussianas,0.999999,0.999999,0.999431,8,8.295354,9,33.148613,32.019988,27.635422,53.472207,83.78888,25.637275
155,spline,0.999581,0.997357,0.999581,8,-9.361718,15,24.369182,28.754486,10.299729,39.45426,48.441327,16.847451
156,polinomio,0.999891,0.999663,0.999363,8,-17.021494,8,24.582727,12.092987,8.143056,37.480335,22.79549,10.1644
157,gaussianas,0.999736,0.999736,0.999463,8,10.617412,13,39.612229,41.545831,17.572748,33.47521,85.382875,21.648455
158,polinomio,0.999965,0.999902,0.999505,8,2.453186,9,11.5146,10.673652,8.586815,28.481946,28.019529,12.992856
159,spline,0.999633,0.998682,0.999633,8,-50.17726,18,16.676825,19.776057,6.623632,22.183795,27.887563,13.645487
160,gaussianas,0.999764,0.999764,0.999622,8,-27.603924,19,96.279317,54.638409,30.474061,12.169172,74.558317,9.921876
161,gaussianas,0.999966,0.999966,0.999476,8,18.317408,10,2.310007,24.176744,7.95922,25.941222,33.725944,22.413208
162,gaussianas,0.99985,0.99985,0.999834,8,0.094136,18,20.560163,58.033168,8.664622,40.009596,44.067603,9.66289
163,gaussianas,0.999998,0.999998,0.99969,8,-6.693612,10,5.322237,10.979288,9.007437,4.101686,32.672327,5.164171
164,gaussianas,0.999976,0.999976,0.999608,8,13.36089,11,9.161199,29.648872,8.101821,3.920421,38.991952,5.939404
165,gaussianas,0.999986,0.999986,0.999295,8,-23.25423,10,36.843288,9.315189,15.212058,58.600465,39.34162,21.416462
166,polinomio,0.999998,0.99997,0.999036,8,14.224605,3,1.7139,16.998663,5.136144,12.439262,32.711548,10.000037
167,gaussianas,0.999789,0.999789,0.999582,8,15.389386,19,15.773435,41.434344,10.902254,24.799111,61.073176,11.35013
168,polinomio,0.999504,0.997325,0.999408,8,29.726491,10,0.0,29.794817,94.593071,2.657093,34.39148,6.134609
169,gaussianas,0.999973,0.999973,0.999494,8,4.668804,11,14.258922,20.485798,15.903894,17.223931,54.968005,20.410713
170,gaussianas,0.999872,0.999872,0.999595,8,29.860356,13,11.548846,46.748547,13.421868,1.565832,59.692134,3.044597
171,spline,0.999175,0.997782,0.999175,8,19.83479,21,43.393971,49.295493,16.191467,36.314363,83.500819,15.944255
172,gaussianas,0.999987,0.999987,0.999266,8,1.292054,12,9.460728,8.524735,5.396112,10.785631,14.736452,7.417735
173,polinomio,1.0,1.0,0.99984,8,-6.033385,5,2.899993,11.49263,7.778282,16.764295,27.443184,11.854517
174,spline,0.999456,0.991487,0.999456,5,-16.499022,20,49.828675,36.515239,28.220277,9.845362,95.883681,7.022486
175,gaussianas,1.0,1.0,0.999679,8,-1.423113,4,13.640746,19.133481,7.884858,17.821426,30.514655,7.0957
176,polinomio,1.0,1.0,0.999401,7,16.687596,3,0.032762,18.040223,2.094236,8.784114,11.7199,7.458629
177,gaussianas,0.999998,0.999998,0.9995,8,19.911862,4,17.97447,21.46896,13.057286,2.138465,26.694316,6.02406
178,gaussianas,0.999974,0.999974,0.998787,8,3.696995,9,2.680011,32.450696,3.2845,3.059927,44.124549,3.152135
179,gaussianas,0.999916,0.999916,0.99976,8,22.656263,14,1.5,3.751157,6.594437,8.172128,54.834724,15.74566
180,gaussianas,0.999878,0.999878,0.999195,8,-27.614031,17,70.977319,43.11454,36.095595,65.723036,98.498511,27.867836
181,gaussianas,0.99989,0.99989,0.999462,8,-62.268898,14,4.019133,16.682109,8.222523,100.037094,51.048405,45.976744
182,gaussianas,0.999973,0.999973,0.999702,7,-34.478751,11,28.258889,26.221612,9.982301,22.264408,55.501327,15.911299
183,gaussianas,0.999989,0.999989,0.999263,8,24.115524,7,23.185222,16.544364,13.155201,1.271106,30.265226,4.750997
184,gaussianas,0.999886,0.999886,0.999551,8,-10.119891,17,64.149882,53.607854,24.002471,4.646927,68.748016,10.218218
185,polinomio,0.999999,0.999994,0.999479,8,7.036008,4,16.236612,26.493574,13.349215,36.90168,44.423189,9.698663
186,spline,0.999478,0.999042,0.999478,8,-13.408371,18,80.119738,51.163294,31.793903,8.883573,63.628215,5.560852
187,gaussianas,0.999807,0.999807,0.999171,8,6.70291,12,38.60732,24.730893,24.49699,27.609219,58.449247,17.067094
188,gaussianas,0.99997,0.99997,0.999663,8,-39.453993,9,30.35269,5.969092,28.874465,10.227546,44.976333,11.212221
189,spline,0.999642,0.999567,0.999642,8,19.823635,20,5.926199,18.376219,7.905665,57.254786,62.881492,18.349834
190,gaussianas,1.0,1.0,0.994072,8,14.261579,5,9.289199,27.480554,9.507637,8.480068,41.544274,8.074881
191,gaussianas,0.999888,0.999888,0.999305,8,-18.926128,15,72.197514,49.217781,47.205135,21.498081,44.641524,15.445664
192,gaussianas,0.99991,0.99991,0.996172,8,31.614749,8,5.652764,12.280708,7.793213,10.768099,25.276106,8.90978
193,gaussianas,0.999896,0.999896,0.999778,8,-11.688495,15,59.87959,34.19171,15.090641,37.757925,54.851635,9.539818
194,gaussianas,0.999949,0.999949,0.999832,8,9.186792,12,1.5,18.125385,4.703108,22.317893,56.028721,10.042597
195,spline,0.999327,0.999308,0.999327,8,17.88869,14,36.932471,48.408615,17.616735,29.581899,74.326137,15.43699
196,gaussianas,0.999904,0.999904,0.999437,8,27.429592,15,17.103371,25.606541,12.226133,55.106994,56.496909,15.338308
197,gaussianas,0.999508,0.999508,0.999257,8,-40.394063,16,34.88342,40.710586,22.748275,34.950771,28.516631,76.595402
198,polinomio,1.0,0.999999,0.999559,8,-2.715556,3,23.21824,16.045989,15.075654,26.843169,36.557039,12.407235
199,gaussianas,0.999996,0.999996,0.999128,8,31.756475,9,4.760575,15.066538,12.93384,26.313242,49.729813,19.688092
200,spline,0.999413,0.998366,0.999413,7,19.105854,21,6.332282,58.291899,10.256992,51.59453,78.824663,35.868162
201,polinomio,1.0,1.0,0.999984,8,13.188497,2,0.184185,12.475349,4.012565,12.386824,19.418704,13.481516
202,gaussianas,0.999447,0.999447,0.999201,8,30.197824,16,33.833956,56.203724,22.841287,41.928257,92.805128,14.390373
203,gaussianas,0.999938,0.999938,0.99924,8,-13.332006,13,36.275046,30.411705,11.22971,16.424184,44.827444,10.229491
204,gaussianas,0.99998,0.99998,0.99928,8,22.109003,9,1.5,10.082029,5.189972,6.676147,35.831773,7.555186
205,gaussianas,1.0,1.0,0.999597,8,7.728666,6,23.463262,13.556105,13.757193,14.06325,25.143705,9.36352
206,gaussianas,1.0,1.0,0.999226,8,-22.092543,3,42.910301,17.192235,13.150694,0.077855,16.42099,2.958392
207,gaussianas,0.999999,0.999999,0.99935,8,-3.542576,10,18.529914,22.922828,15.286497,1.919662,35.041163,5.976687
208,polinomio,1.0,0.999994,0.999694,8,7.250358,6,5.175322,18.209905,13.356951,35.611179,60.604581,22.026491
209,gaussianas,1.0,1.0,0.996889,8,6.822133,5,0.079539,9.746226,1.911627,34.078055,14.454223,9.148087
210,polinomio,0.999705,0.999506,0.999084,8,-8.896811,7,5.350909,28.867845,7.315859,58.058217,43.702309,16.458714
211,polinomio,1.0,0.999944,0.999835,8,16.762267,2,6.010732,6.221653,3.917015,1.576018,14.095592,3.111789
212,gaussianas,0.999995,0.999995,0.999808,8,-5.100183,13,26.874057,51.039283,24.195428,49.452147,67.525846,16.111387
213,gaussianas,0.999683,0.999683,0.999399,8,-22.721648,17,58.709926,31.48185,23.392824,82.538915,159.9137,28.656905
214,polinomio,0.999876,0.999859,0.998707,8,30.389483,9,3.846725,15.190796,4.683523,12.844531,24.485955,7.828694
215,spline,0.999348,0.999234,0.999348,8,-9.959207,20,67.648929,33.202466,28.191644,25.93924,65.071652,10.541063
216,gaussianas,0.999909,0.999909,0.999806,7,21.514285,15,11.382537,28.97984,12.073341,18.472956,89.861745,12.593245
217,gaussianas,0.999961,0.999961,0.999583,8,20.055456,11,2.539602,25.482134,6.551642,10.464928,39.409724,10.250973
218,polinomio,0.999284,0.998997,0.998245,8,-12.680544,11,49.773636,15.340632,12.986051,55.14557,43.188564,15.409719
219,gaussianas,0.999872,0.999872,0.999754,8,-1.23192,16,25.799378,52.553063,26.684856,2.248183,73.603828,4.913371
220,polinomio,0.999999,0.999943,0.998863,8,17.53413,3,3.713163,23.67608,8.191304,18.931189,41.804592,8.64298
221,gaussianas,0.999941,0.999941,0.999728,8,0.069284,13,27.476674,42.024577,27.466528,10.396707,55.683065,11.04338
222,gaussianas,0.999999,0.999999,0.999693,8,1.424759,11,7.167215,19.634361,21.406879,8.378362,41.823204,24.759477
223,polinomio,0.999966,0.999939,0.999226,8,34.715175,6,4.263393,27.842797,5.374745,1.667968,34.733591,3.551007
224,gaussianas,1.0,1.0,0.999681,8,-49.990272,3,13.197974,12.400895,8.188163,4.786201,24.246381,7.29989
225,spline,0.999767,0.999697,0.999767,8,-18.615359,17,44.219041,50.107727,39.056133,32.408093,79.729808,15.021109
226,spline,0.999542,0.998632,0.999542,8,22.060659,15,7.1141,13.268908,8.63304,21.869113,41.534567,14.513588
227,polinomio,1.0,1.0,0.999984,8,-20.983616,2,15.63466,14.979532,13.226125,0.008057,19.41147,2.000658
228,gaussianas,0.999975,0.999975,0.999555,8,-50.378154,11,67.650476,28.059371,23.99162,39.361652,60.293913,15.857962
229,spline,0.999529,0.999454,0.999529,8,7.89363,16,48.251781,53.318282,29.307691,34.239347,74.249121,12.578718
230,polinomio,1.0,0.999999,0.999821,8,-23.293725,2,32.050259,10.312005,10.495683,53.186376,29.793732,11.157784
231,gaussianas,0.999881,0.999881,0.999732,8,-13.947859,12,69.456477,51.739963,23.818018,30.701124,73.460418,14.726101
232,gaussianas,1.0,1.0,0.999588,8,-44.328733,6,25.021859,12.263622,6.701106,11.073026,21.67306,5.484831
233,polinomio,1.0,0.999976,0.999841,8,24.950297,2,4.087677,14.742917,11.447665,7.70533,52.439722,15.835241
234,gaussianas,0.999992,0.999992,0.999768,8,1.838207,13,14.764286,30.833025,15.684315,62.555621,88.356193,33.798394
235,gaussianas,0.999929,0.999929,0.999622,8,23.869411,14,30.167656,41.239962,17.042726,19.792753,47.987808,7.41591
236,gaussianas,0.999719,0.999719,0.998974,8,20.987094,15,11.174357,62.476034,17.630502,21.02519,86.694992,12.686024
237,polinomio,0.999997,0.999992,0.999798,8,-1.265751,7,12.719897,23.606006,11.657797,1.054462,27.689563,4.258542
238,spline,0.999129,0.997396,0.999129,8,21.008543,17,46.621269,42.295283,20.023471,4.14811,66.082769,5.726054
239,gaussianas,0.999998,0.999998,0.999493,8,-29.391369,11,5.932701,10.952159,12.9452,0.851451,49.842326,5.414926
240,gaussianas,0.999744,0.999744,0.999352,8,-20.411902,16,14.6165,27.757831,17.666795,56.162506,42.585158,74.840385
241,gaussianas,0.999958,0.999958,0.999677,8,-6.465221,12,12.454515,25.163631,12.216909,37.941711,68.108934,22.105459
242,polinomio,1.0,1.0,0.999112,8,-2.345767,2,2.814621,10.982262,5.100167,19.7799,5.625387,7.936015
243,polinomio,1.0,0.99998,0.999424,8,-19.592947,3,31.830801,11.228991,6.678775,42.63474,24.388623,8.54565
244,spline,0.999313,0.998111,0.999313,8,-19.785797,19,79.745341,28.479801,17.616873,78.852999,67.160021,21.97541
245,gaussianas,0.99988,0.99988,0.999295,8,-6.67777,17,63.273756,28.751214,20.353911,29.14148,66.977875,13.218184
246,gaussianas,0.999994,0.999994,0.99963,8,34.961241,9,2.903776,22.666775,8.659278,9.219903,56.629504,13.418184
247,gaussianas,0.999862,0.999862,0.999668,8,0.395879,14,6.676175,24.359325,9.74055,16.582626,57.069869,13.05781
248,gaussianas,0.999702,0.999702,0.999544,8,17.694357,17,21.246894,38.835041,9.886735,19.751283,57.965778,10.454855
249,gaussianas,0.999883,0.999883,0.998998,8,-21.242767,12,82.556575,31.123479,20.647033,3.152,46.212648,7.071245
250,gaussianas,0.999974,0.999974,0.99969,8,25.87629,12,30.948921,27.03967,10.034321,4.175367,43.102133,6.079092
251,spline,0.999569,0.999232,0.999569,8,28.652344,14,22.798302,27.318131,10.549026,23.007076,55.093264,20.031011
252,gaussianas,0.999217,0.999217,0.998764,8,23.303341,17,15.486643,20.183003,13.460651,50.082712,55.76131,14.495668
253,gaussianas,0.999643,0.999643,0.999557,8,-60.579576,13,45.660436,21.212661,12.793037,132.966477,49.558867,24.404357
254,spline,0.999761,0.998774,0.999761,8,-39.803101,21,69.516983,27.508956,22.036069,15.817429,56.906338,12.742613
255,gaussianas,0.999799,0.999799,0.999683,8,-40.76339,13,29.956472,21.646911,13.597944,50.057316,51.711647,23.897248
256,gaussianas,0.999989,0.999989,0.999561,8,-10.960759,13,10.038099,23.38772,9.636617,2.970417,43.360015,6.460498
257,spline,0.999386,0.997873,0.999386,8,5.792207,18,54.626282,34.044075,22.357991,47.051379,84.369822,17.706781
258,gaussianas,0.999983,0.999983,0.999826,8,-6.409937,7,21.840294,34.859153,16.566337,31.861661,63.254274,19.907567
259,polinomio,0.999998,0.999978,0.999523,8,28.859523,5,4.954006,5.41362,6.335527,4.17006,32.377931,7.286047
260,spline,0.999543,0.999507,0.999543,8,-49.086332,17,6.52631,22.368322,8.95782,75.822828,44.272037,55.001035
261,gaussianas,1.0,1.0,0.998163,7,11.35647,8,9.439207,13.759848,6.581927,45.958146,33.609465,15.009929
262,gaussianas,0.999871,0.999871,0.999385,8,-6.297482,16,5.425364,23.485837,5.663619,12.430632,40.363426,10.220586
263,gaussianas,0.999918,0.999918,0.999712,7,-3.230649,13,12.986508,36.185705,16.608406,4.569159,74.627281,7.182569
264,gaussianas,0.999988,0.999988,0.99971,8,-44.59264,10,22.300237,19.016562,13.373453,60.274184,45.512551,19.050783
265,gaussianas,0.99996,0.99996,0.99961,8,-6.899711,12,9.428488,38.399375,6.922775,42.482992,52.840749,28.788978
266,polinomio,0.999993,0.999964,0.999753,8,5.788966,5,7.748431,31.549995,10.357054,31.381642,50.061704,16.432059
267,gaussianas,0.999999,0.999999,0.999391,8,-9.841659,7,0.728989,28.664029,6.960335,22.838147,56.671651,18.601988
268,gaussianas,0.999786,0.999786,0.999418,8,-15.218525,11,0.674629,28.666656,7.108063,5.818089,50.05425,10.860719
269,gaussianas,0.999885,0.999885,0.999652,8,-81.805124,17,8.617983,48.675042,7.955542,100.611093,37.379925,56.153412
270,spline,0.999632,0.998263,0.999632,6,12.95752,17,18.486557,47.714666,15.273854,56.393297,92.630808,31.287919
271,gaussianas,0.999745,0.999745,0.999454,8,12.006622,18,22.782725,12.678427,11.71557,50.666418,35.414233,16.294754
272,gaussianas,1.0,1.0,0.999736,8,-71.096815,7,19.372188,11.026497,13.075334,18.203782,25.014117,9.553231
273,gaussianas,0.999998,0.999998,0.999634,8,-63.925944,8,41.478863,17.37618,9.726435,21.012941,30.264104,10.105356
274,spline,0.999762,0.999536,0.999762,8,-29.441,19,27.846932,30.310748,27.873633,69.950436,67.203887,21.914347
275,gaussianas,1.0,1.0,0.999854,8,-1.057335,5,6.112428,29.859163,9.015357,8.259027,11.346829,14.009701
276,gaussianas,0.999992,0.999992,0.999384,8,29.241353,10,2.713057,13.828913,11.062034,4.193204,39.108858,6.630905
277,gaussianas,0.999961,0.999961,0.999693,8,-64.895351,10,46.960942,14.735295,15.720293,89.981721,45.002302,24.451398
278,gaussianas,0.999996,0.999996,0.998426,8,21.550209,10,32.81062,35.028491,24.484497,4.187957,40.945583,7.752166
279,gaussianas,1.0,1.0,0.999674,8,-28.449912,8,33.315442,28.55297,22.070384,2.735159,38.914374,5.591849
280,spline,0.99977,0.999737,0.99977,8,-60.237725,16,3.565764,31.052422,13.220221,15.641745,79.414724,20.65661
281,polinomio,1.0,0.999986,0.999766,8,0.047142,5,8.493353,23.844189,10.638036,19.650318,38.628769,8.901376
282,gaussianas,0.999831,0.999831,0.999618,8,0.924004,10,0.027999,16.376344,45.176735,22.135112,44.267309,9.535071
283,gaussianas,0.999662,0.999662,0.99951,8,-41.647825,17,3.510074,49.127033,8.974355,41.180546,50.183154,37.10735
284,gaussianas,0.999945,0.999945,0.999518,8,-64.677528,14,37.861001,25.958918,14.049238,42.805433,55.323408,15.152572
285,polinomio,0.999999,0.999943,0.999556,8,-8.464849,3,13.144403,11.084018,8.013232,17.827094,21.466674,12.221076
286,polinomio,0.999995,0.999973,0.999741,8,-10.407666,5,17.433547,27.054611,11.590754,54.164219,46.808647,10.454133
287,spline,0.999698,0.99869,0.999698,8,14.680012,18,16.233045,26.495957,16.943454,0.0,6.599829,274.758792
288,polinomio,1.0,1.0,0.999673,7,-19.031692,3,25.818512,4.407998,16.587055,52.742217,33.351446,15.608661
289,gaussianas,0.999999,0.999999,0.999814,8,-5.088056,12,8.883918,20.306861,13.283861,10.781793,35.31799,8.232667
290,gaussianas,0.999643,0.999643,0.999593,8,24.675064,12,4.05724,21.094135,10.901468,7.076871,46.725461,15.084448
291,gaussianas,0.999979,0.999979,0.999693,8,-59.878786,11,14.134258,27.805181,10.512317,3.537511,39.343924,5.060637
292,gaussianas,0.999831,0.999831,0.99981,8,-15.417206,13,14.477839,25.570326,13.527903,31.621865,45.7741,18.987799
293,polinomio,0.999991,0.999989,0.99972,8,-2.638309,5,4.589289,23.468984,4.233196,36.933279,32.24577,11.361123
294,gaussianas,1.0,1.0,0.999376,8,28.454969,8,13.793107,22.509667,14.158878,1.36824,30.399033,5.729208
295,gaussianas,0.999999,0.999999,0.99989,8,3.514874,10,7.716567,32.998583,17.231099,1.124045,51.939519,9.126826
296,gaussianas,0.999989,0.999989,0.999641,8,-19.895499,8,57.762908,39.311872,20.679542,20.928288,60.214712,16.813058
297,gaussianas,0.999964,0.999964,0.998653,8,22.674703,10,20.712369,18.108495,15.36781,1.985986,86.730175,7.593484
298,spline,0.999636,0.999561,0.999636,8,5.130233,15,3.201582,22.973353,6.178177,45.719566,49.331421,15.858093
299,polinomio,1.0,0.99997,0.999404,8,25.309454,2,19.337896,20.126524,10.913305,21.413163,35.910974,9.342356
300,gaussianas,0.999688,0.999688,0.999461,8,-10.175733,17,53.491808,32.933472,16.73482,53.68124,64.693403,16.022655
301,gaussianas,0.999968,0.999968,0.999167,8,17.107942,12,17.378583,11.625821,8.161466,11.28817,24.036669,10.463624
302,polinomio,1.0,1.0,0.99932,8,-4.108911,3,15.372165,10.128018,13.096055,30.572979,29.630941,13.004883
303,gaussianas,0.999964,0.999964,0.999558,8,34.434051,9,1.5,20.836535,8.62596,23.240813,58.817782,11.782266
304,polinomio,1.0,0.999875,0.998703,8,-9.406113,5,34.032815,20.47211,11.565397,51.669132,43.536501,16.029128
305,gaussianas,0.999876,0.999876,0.999645,8,-58.953758,12,93.144902,22.257347,19.713785,6.412272,32.957735,5.623518
306,polinomio,1.0,0.999992,0.999435,8,-11.317043,3,23.485367,20.234891,12.267714,32.225342,37.802648,10.26272
307,spline,0.999273,0.994237,0.999273,8,34.864454,19,19.655669,47.784153,11.492803,10.403382,59.295486,6.511318
308,spline,0.999292,0.998955,0.999292,8,-19.714625,14,18.783845,14.916264,10.984533,57.213308,36.532243,19.715944
309,gaussianas,0.999999,0.999999,0.999665,8,6.329173,10,26.471793,16.825573,13.763472,0.439775,25.556088,3.094717
310,gaussianas,1.0,1.0,0.999697,8,5.704411,5,7.601433,15.350032,13.608814,2.931256,24.527211,7.308848
311,spline,0.999543,0.999426,0.999543,8,26.266856,11,22.056026,16.211935,9.289848,35.936265,54.258677,16.164734
312,polinomio,1.0,0.999998,0.999945,8,11.030869,2,17.475492,26.31434,11.481476,20.619199,45.158135,9.84512
313,gaussianas,1.0,1.0,0.999691,8,23.032297,4,1.353217,14.236454,19.129963,0.759764,23.625592,4.871333
314,gaussianas,0.999891,0.999891,0.999469,8,-32.313103,13,14.184501,12.268597,8.554394,28.779835,20.795058,13.183658
315,spline,0.999671,0.999472,0.999671,8,12.035053,15,10.384534,30.261352,18.051314,1.5,47.587405,5.407533
316,spline,0.999685,0.99961,0.999685,8,-25.725461,16,77.17622,64.579125,36.171859,8.139338,71.085005,9.043983
317,gaussianas,0.999999,0.999999,0.998868,8,9.289808,4,26.146529,27.02387,13.70871,1.302451,29.593125,5.226586
318,gaussianas,0.999995,0.999995,0.99972,8,28.907078,8,2.648358,4.01504,5.485809,3.194076,35.115811,6.619772
319,gaussianas,0.99995,0.99995,0.999635,8,-33.188398,17,50.811926,11.907901,19.715357,7.402441,59.455451,6.280967
320,gaussianas,0.999989,0.999989,0.999783,8,8.862703,7,3.852494,10.15014,4.195409,18.749729,22.974578,8.705726
321,polinomio,0.999811,0.999493,0.999121,8,27.942429,11,6.325991,10.762084,8.676939,6.183197,61.363205,9.235033
322,gaussianas,0.999796,0.999796,0.99966,8,-9.603946,16,32.03414,18.273404,37.065936,45.582352,103.654397,18.691584
323,gaussianas,0.999933,0.999933,0.999319,8,-23.724178,11,49.252517,6.349556,78.710351,13.092926,47.339357,18.088748
324,gaussianas,0.999963,0.999963,0.999577,8,-38.940616,12,14.442562,25.120372,10.702142,93.289161,50.43132,34.325237
325,gaussianas,1.0,1.0,0.999825,8,25.332536,10,0.767161,17.504607,5.841244,4.939431,43.976924,8.447761
326,gaussianas,0.999969,0.999969,0.999605,6,-12.098325,11,25.351098,20.904058,13.735646,17.489072,41.629355,10.992968
327,gaussianas,0.999956,0.999956,0.999467,8,23.817279,9,9.502488,28.043611,8.200343,2.7636,38.247065,5.007634
328,gaussianas,0.999907,0.999907,0.999708,8,-83.530999,18,45.076644,39.01439,21.595642,5.811346,71.083159,13.929927
329,spline,0.999608,0.999603,0.999608,8,5.356921,15,7.926909,18.652847,8.338184,12.560557,37.835973,9.06032
330,gaussianas,0.999953,0.999953,0.999597,8,-8.402268,12,64.362432,64.162796,26.518293,7.003963,55.1955,6.379948
331,gaussianas,0.999901,0.999901,0.999659,8,-2.78956,14,25.748575,34.345953,34.245671,7.659016,63.66424,10.185577
332,gaussianas,0.999765,0.999765,0.99911,8,-47.702392,17,38.036245,15.510076,17.01596,6.731094,66.01168,7.105266
333,gaussianas,0.999898,0.999898,0.999672,7,-62.169901,17,104.586718,41.111824,39.760919,58.311295,85.354688,24.379711
334,gaussianas,0.999761,0.999761,0.999455,8,25.753588,18,42.538523,49.844679,16.216257,13.963876,61.589639,6.654119
335,spline,0.999517,0.999446,0.999517,8,28.218933,13,9.583236,27.855206,6.471715,13.736124,39.280268,11.198321
336,polinomio,1.0,0.999999,0.999959,8,7.492178,2,31.707066,11.524273,7.812921,31.23368,22.927682,6.628657
337,gaussianas,0.999851,0.999851,0.999333,8,-21.798054,18,72.051426,40.229723,30.226016,71.047404,84.905306,21.095945
338,gaussianas,0.999987,0.999987,0.999591,8,13.711754,10,1.482862,5.302054,5.699779,15.748196,53.779063,12.382464
339,gaussianas,0.999973,0.999973,0.999702,8,17.851743,11,1e-06,4.943529,82.339395,15.354708,39.841105,11.450762
340,spline,0.999753,0.999021,0.999753,8,0.627533,25,30.245806,80.160305,12.089666,47.658151,55.82547,15.273944
341,gaussianas,0.999995,0.999995,0.99951,8,9.445895,9,18.71532,11.634152,11.22926,27.970064,30.980462,14.618369
342,gaussianas,0.999903,0.999903,0.999243,8,4.223099,12,17.375521,27.567644,12.795975,63.112659,53.851913,20.331018
343,gaussianas,0.999577,0.999577,0.999464,8,15.985145,21,12.293461,47.818255,9.353249,22.740127,61.219476,18.564787
344,polinomio,1.0,0.999997,0.999108,8,-17.63016,4,22.891451,17.925668,15.755863,46.836513,41.761746,12.840249
345,gaussianas,0.999924,0.999924,0.999526,7,17.576522,13,0.53573,39.044826,6.303289,16.90487,49.274594,22.045309
346,gaussianas,0.999909,0.999909,0.999767,8,-10.798997,13,7.163695,21.724326,8.356459,47.678981,52.134744,15.399569
347,gaussianas,0.999901,0.999901,0.99966,7,21.832053,15,8.236666,66.237668,8.795035,14.746099,48.424979,10.971391
348,gaussianas,1.0,1.0,0.999745,8,-9.148334,8,2.13477,27.386985,11.728499,0.108609,51.814995,3.756399
349,gaussianas,0.999846,0.999846,0.999476,7,15.239076,17,14.673757,26.420288,12.230617,28.184581,53.10633,38.890768
350,gaussianas,0.999944,0.999944,0.99979,8,32.041037,12,2.101363,15.264342,3.830213,7.350869,44.25579,6.93716
351,gaussianas,0.999775,0.999775,0.999255,8,-35.033139,14,83.346827,43.434911,31.071985,3.7634,51.192614,8.274465
352,gaussianas,0.99982,0.99982,0.999727,8,16.23235,13,0.0,46.927707,55.600512,36.329541,55.677931,14.161637
353,gaussianas,0.999905,0.999905,0.999281,8,-19.600024,15,64.03566,37.213083,32.418778,9.186267,49.931725,9.107085
354,gaussianas,0.999984,0.999984,0.998868,8,17.001325,10,37.660758,31.541281,11.537702,0.690943,44.085103,4.740861
355,gaussianas,0.999627,0.999627,0.999479,8,-27.434954,17,82.591805,46.843298,33.761796,0.945415,77.021224,4.783269
356,gaussianas,0.999734,0.999734,0.999431,8,-59.694019,16,37.03397,11.770485,15.045202,133.051436,54.772275,34.093974
357,gaussianas,0.999868,0.999868,0.999519,8,32.192928,14,5.805483,30.113623,8.229704,16.158903,49.875295,13.721105
358,polinomio,1.0,0.999988,0.998878,8,-10.017526,5,2.505724,7.903663,8.296282,36.171932,32.570367,18.275464
359,gaussianas,0.999778,0.999778,0.999369,8,12.672215,11,59.240174,29.48468,17.066355,5.479923,49.019329,5.5638
360,polinomio,0.999934,0.999912,0.962293,8,27.403797,6,7.831076,3.953244,5.71304,0.793464,10.555351,2.257401
361,polinomio,0.999999,0.999989,0.999812,8,10.006309,5,8.916634,33.763664,19.775572,14.416841,57.760007,14.949093
362,gaussianas,0.999974,0.999974,0.999732,8,-7.313287,8,10.071462,17.069559,11.853533,43.808757,42.438283,16.841743
363,spline,0.999862,0.999817,0.999862,8,-0.268327,18,17.847774,33.042454,10.613851,26.221388,56.244122,11.010923
364,spline,0.999716,0.999545,0.999716,8,-94.192116,17,58.018888,10.538009,16.56959,149.442796,54.930346,33.066084
365,gaussianas,0.999997,0.999997,0.999157,8,17.461167,8,1.262774,9.647456,4.894557,41.995494,27.486985,15.618551
366,gaussianas,1.0,1.0,0.999448,8,-12.170009,4,56.249691,34.025884,15.627138,2.44776,36.086124,5.450085
367,gaussianas,0.999785,0.999785,0.998624,8,30.965993,10,5.27363,14.518785,8.61881,23.561808,34.958286,13.352052
368,spline,0.999638,0.999091,0.999638,8,2.903248,17,4.13088,28.324008,6.585888,56.623189,64.173159,19.986285
369,gaussianas,0.999999,0.999999,0.998785,8,20.918586,7,2.974986,20.142236,8.108089,7.332649,31.447619,14.541975
370,spline,0.999567,0.999558,0.999567,8,10.342122,18,29.836417,26.059681,15.716159,44.025766,54.736367,14.774536
371,spline,0.999788,0.999374,0.999788,8,-46.550846,18,67.161123,16.685011,25.487936,82.445908,74.913296,26.742359
372,polinomio,0.999993,0.999991,0.999691,8,10.381359,5,17.666748,22.372147,16.698041,21.409572,50.348809,14.147009
373,gaussianas,0.999995,0.999995,0.999501,8,2.39956,9,7.231283,51.184406,10.816182,9.024002,70.511654,10.911247
374,polinomio,1.0,0.999954,0.999659,8,-9.471761,4,29.932373,20.679347,13.583338,43.504609,40.996306,12.091387
375,gaussianas,0.999923,0.999923,0.999764,8,-10.216933,12,32.618055,29.086826,13.548834,48.41973,52.325705,13.675202
376,gaussianas,0.999854,0.999854,0.999566,8,-26.744215,13,66.321588,43.415809,21.261567,1.380017,54.076218,3.277653
377,polinomio,0.999999,0.999995,0.999598,8,-13.750365,4,39.956207,26.846815,17.167845,41.904173,49.008651,13.641556
378,gaussianas,0.999506,0.999506,0.997773,8,30.935841,11,1e-06,16.389914,82.679532,13.173508,48.845171,7.475678
379,gaussianas,0.999763,0.999763,0.999715,8,16.856701,16,24.148383,26.004031,14.428846,19.619015,54.091154,8.029341
380,polinomio,0.999984,0.999952,0.999534,8,9.407521,9,7.801664,31.694304,10.788823,40.131316,90.871294,24.402781
381,gaussianas,0.999922,0.999922,0.999614,8,14.837906,18,7.222255,24.389062,5.937687,10.196879,45.749253,10.819377
382,gaussianas,0.999979,0.999979,0.999768,8,-53.607893,14,5.400705,9.528184,5.683076,28.596626,12.361615,12.657708
383,gaussianas,0.999987,0.999987,0.999644,8,-52.238343,9,13.574699,40.608846,17.233806,4.429391,38.761485,5.469638
384,polinomio,0.999941,0.999935,0.999519,8,7.577301,8,4.881751,18.413722,9.913848,7.165765,34.084852,7.426783
385,polinomio,0.999999,0.999992,0.996274,8,35.929852,2,0.146246,14.014328,4.045105,2.298801,29.860315,7.027251
386,polinomio,1.0,1.0,0.999868,8,-7.352233,4,0.506667,16.625367,4.081809,1.394714,31.199276,5.766632
387,spline,0.99928,0.998805,0.99928,8,19.682782,22,48.482512,40.895798,20.63804,14.012583,61.69462,9.031876
388,gaussianas,0.99993,0.99993,0.999116,8,-39.279145,12,39.428262,13.081869,17.192741,99.030022,52.863278,27.093132
389,spline,0.999611,0.999422,0.999611,8,-36.877719,21,12.036197,32.363446,9.493578,93.807229,40.356698,38.056227
390,gaussianas,1.0,1.0,0.994618,8,20.025737,6,9.619627,17.182732,6.047127,10.787929,25.232767,5.919534
391,spline,0.999338,0.995793,0.999338,8,6.208459,17,23.351042,23.289212,15.405873,58.714698,60.483931,22.683818
392,gaussianas,0.999958,0.999958,0.9996,8,-49.049993,13,47.017029,7.045691,14.10923,42.447556,38.648719,17.504109
393,spline,0.999639,0.999282,0.999639,8,-59.621235,20,96.214212,31.311999,28.778213,56.293099,75.349651,11.672241
394,gaussianas,0.999995,0.999995,0.999655,8,34.615121,8,2.926765,16.634166,6.55943,0.781092,29.949568,5.263019
395,gaussianas,1.0,1.0,0.999166,8,-15.350129,6,32.109323,6.284105,17.167193,6.531442,20.698726,10.515496
396,polinomio,1.0,0.999987,0.999628,8,24.753715,2,0.819498,22.825889,6.859244,5.038157,41.762284,10.592593
397,gaussianas,0.999989,0.999989,0.999659,8,-39.027789,10,6.85776,19.739884,7.800338,87.981549,47.108653,41.55639
398,gaussianas,0.999735,0.999735,0.999342,8,12.249476,13,22.275024,29.592347,12.823898,22.865815,54.103989,25.511732
399,gaussianas,0.999942,0.999942,0.99974,8,-15.193426,12,46.76828,81.127512,44.164496,2.087885,78.961038,7.559957
400,gaussianas,1.0,1.0,0.999459,7,-21.097483,4,4.781791,8.123316,6.948264,30.621204,29.377242,11.733072
401,spline,0.999753,0.99958,0.999753,8,15.537036,19,24.071766,22.794011,10.126151,37.901561,44.972474,20.185412
402,gaussianas,0.999843,0.999843,0.999706,8,-6.805561,18,19.19385,24.002006,8.415383,38.726613,40.233982,14.249434
403,gaussianas,0.999872,0.999872,0.999476,8,-15.882496,14,16.336463,5.244329,15.880511,100.168036,54.805423,33.772167
404,gaussianas,1.0,1.0,0.999857,8,-19.930643,6,40.691258,26.297794,9.030879,0.678753,33.134664,2.633401
405,gaussianas,1.0,1.0,0.999751,8,-1.788838,5,5.130125,15.109087,8.911626,13.573248,29.276374,10.577228
406,spline,0.999611,0.998752,0.999611,8,15.14347,17,5.820145,35.480757,10.84604,5.198435,62.917342,18.370706
407,spline,0.99964,0.998061,0.99964,8,17.251765,15,8.969188,35.375937,12.799202,69.291272,81.616024,34.465064
408,polinomio,1.0,0.9999,0.99982,8,23.559861,2,4.660405,4.184149,3.954804,1.079443,25.347659,3.394631
409,gaussianas,0.999969,0.999969,0.998937,8,29.537012,12,1.240988,33.298456,6.092197,2.593502,22.508892,9.898637
410,gaussianas,1.0,1.0,0.999462,8,-18.89585,4,46.007154,26.178924,15.070918,35.233168,40.665801,9.506653
411,polinomio,0.999996,0.999992,0.999755,8,-2.841774,6,10.781528,49.624447,22.675919,6.13244,53.656771,9.559799
412,polinomio,0.999985,0.999946,0.999503,8,-37.662221,8,13.087181,8.171298,6.142704,32.407883,15.095271,8.163161
413,polinomio,1.0,1.0,0.999968,6,-21.056918,2,0.574408,5.400314,5.689253,4.266994,28.288775,7.034591
414,gaussianas,0.999993,0.999993,0.999534,7,13.321248,8,7.286379,30.204263,16.525333,45.738489,73.69347,21.165937
415,polinomio,0.999994,0.999987,0.998472,8,29.289021,2,1.915309,20.850068,5.71735,1.819824,29.179764,5.94295
416,polinomio,0.999998,0.999987,0.999572,8,-14.085077,3,22.030503,14.156839,14.598216,53.365114,46.157896,17.213508
417,polinomio,1.0,0.999994,0.999931,8,-1.601971,2,0.666677,10.583706,3.315181,19.514091,30.878445,10.315613
418,gaussianas,0.999671,0.999671,0.99932,8,-43.229994,20,34.527403,27.170515,21.576449,21.871455,75.886984,15.673993
419,gaussianas,0.999796,0.999796,0.99949,8,22.348445,14,19.474426,20.310071,13.853893,44.335681,65.254701,24.016496
420,gaussianas,0.999861,0.999861,0.99872,8,3.260084,16,6.694817,18.254412,7.648788,55.298873,43.622569,27.789758
421,gaussianas,0.999921,0.999921,0.999729,8,18.36097,12,1.5,16.338211,2.512736,2.582778,46.032492,7.457543
422,polinomio,1.0,0.999999,0.999591,8,-11.521579,6,11.784305,21.280155,9.441516,29.749508,38.365939,10.974147
423,polinomio,0.999908,0.999873,0.998311,6,19.555392,7,4.443018,24.441604,7.166493,35.112853,50.258267,19.782615
424,polinomio,0.999986,0.999983,0.999782,8,-0.584339,10,1.151355,11.788098,4.264104,43.082886,41.593644,15.641965
425,polinomio,1.0,0.999987,0.999814,8,-8.448797,3,35.069001,20.936314,18.212609,45.700706,48.657827,15.460309
426,gaussianas,0.999972,0.999972,0.998958,6,27.23501,7,14.959878,38.118357,23.908743,11.153115,58.838791,14.635262
427,gaussianas,0.999962,0.999962,0.999671,8,-22.032633,8,1.174692,23.743002,5.037389,30.491912,14.612786,15.387946
428,gaussianas,0.999887,0.999887,0.998752,8,19.70528,14,25.845272,23.963304,16.10414,45.047372,60.275925,23.568811
429,gaussianas,0.999991,0.999991,0.999527,8,11.0891,10,35.96341,26.299698,15.376521,19.849862,55.918813,10.400019
430,spline,0.999323,0.999251,0.999323,8,24.083867,17,3.991626,31.344557,9.550324,18.158353,68.45362,8.451182
431,gaussianas,0.999777,0.999777,0.999716,8,10.797537,12,6.567778,21.186835,7.96789,15.778705,36.071406,11.648187
432,spline,0.999719,0.998422,0.999719,8,-12.653361,17,24.403811,25.844323,9.924153,60.659534,61.486437,18.358184
433,gaussianas,0.999999,0.999999,0.999781,8,-53.583922,11,42.278466,17.63819,11.564275,17.983647,36.007794,10.468026
434,gaussianas,0.999986,0.999986,0.999718,8,27.82675,17,2.461645,33.908548,8.121481,8.25619,42.507244,21.469427
435,gaussianas,0.999997,0.999997,0.999437,8,-21.217992,8,29.506762,3.936191,22.196612,27.762902,25.135504,16.031342
436,polinomio,1.0,0.999836,0.999837,8,27.690231,2,4.080868,8.640366,3.84201,1.5,43.925679,3.49539
437,gaussianas,1.0,1.0,0.999446,8,-24.350456,4,9.70192,12.01566,4.833935,5.369539,18.879845,5.159853
438,gaussianas,1.0,1.0,0.999614,8,-16.486598,7,8.493132,4.722214,9.343064,30.31152,22.030621,11.612425
439,gaussianas,1.0,1.0,0.999295,8,-25.037337,5,16.31338,5.251319,13.211671,0.077701,15.150195,2.066333
440,gaussianas,0.99996,0.99996,0.999702,8,-7.748031,10,6.527482,24.715465,10.220021,94.90725,54.328089,23.674875
441,gaussianas,0.999999,0.999999,0.999792,8,-52.830759,8,1.408191,28.83568,4.142135,1.483728,46.011726,7.174037
442,polinomio,0.999864,0.999597,0.999476,8,15.582328,8,11.219772,11.607741,7.677936,33.52961,28.916141,15.789182
443,gaussianas,0.999992,0.999992,0.999803,8,8.90448,12,19.113645,19.806655,11.376558,32.426073,34.341324,22.636493
444,spline,0.999596,0.999576,0.999596,8,22.719687,18,13.1579,17.778416,20.33698,19.300615,75.168809,11.593346
445,gaussianas,0.999903,0.999903,0.999375,8,21.309098,17,29.952601,49.362775,15.251293,11.75625,59.810921,7.623659
446,spline,0.999221,0.991707,0.999221,8,-38.562781,19,51.45951,17.170371,12.850161,59.351984,39.244112,20.828886
447,polinomio,0.999999,0.999908,0.99585,8,29.391208,3,11.70934,9.248645,5.942032,17.593533,20.231298,10.178985
448,gaussianas,0.999998,0.999998,0.999699,8,-19.566255,10,36.424405,29.716985,20.330903,15.905627,50.973249,14.017819
449,gaussianas,0.999487,0.999487,0.999037,8,12.856854,18,14.718937,15.581795,8.063755,50.040992,46.17303,29.460357
450,gaussianas,0.999879,0.999879,0.999515,8,14.389092,16,9.58939,47.491017,11.064656,50.284765,69.703293,22.948206
451,polinomio,0.999997,0.999979,0.999799,8,-15.796299,7,6.920851,7.941357,9.884527,33.262256,27.631785,16.34756
452,polinomio,0.999694,0.999614,0.99956,8,25.590606,11,2.040445,11.730943,5.783715,5.532109,50.8063,7.704677
453,gaussianas,1.0,1.0,0.999757,8,-9.136588,7,0.548368,6.681049,6.841416,1.950678,33.754129,5.710473
454,spline,0.999479,0.999228,0.999479,8,-0.792075,17,47.578902,42.903982,28.853351,26.787763,71.183185,14.829675
455,gaussianas,0.999661,0.999661,0.999496,8,27.427828,21,9.364568,35.894347,6.716667,19.386028,42.572396,13.284679
456,gaussianas,1.0,1.0,0.999768,8,3.671103,8,5.681181,33.746384,36.446279,0.390872,37.125875,7.317651
457,gaussianas,0.999994,0.999994,0.999638,8,-0.623834,11,17.958912,22.271214,7.323625,50.403362,34.874201,10.865758
458,gaussianas,0.999995,0.999995,0.999709,8,12.651496,10,4.100985,23.776197,9.235784,1.622714,46.563896,5.264493
459,gaussianas,0.999937,0.999937,0.999229,8,-48.99373,10,37.778974,9.396935,8.684219,79.863415,24.134683,12.193769
460,gaussianas,0.999802,0.999802,0.999454,8,23.215531,16,30.129318,29.364753,13.08289,5.227131,50.84431,6.531042
461,polinomio,0.999998,0.9999,0.998915,8,7.179749,5,39.644113,22.612607,14.896677,47.177473,48.777799,14.608138
462,spline,0.999636,0.999387,0.999636,7,-19.652458,11,1.688989,32.659663,9.949214,21.472721,23.330123,34.165307
463,gaussianas,0.99972,0.99972,0.998618,8,22.608335,15,21.521247,33.583247,12.9229,33.191786,56.662118,17.604225
464,spline,0.999613,0.999396,0.999613,8,-29.282454,15,33.792416,20.85069,8.253418,27.788213,34.512902,9.212827
465,gaussianas,0.999948,0.999948,0.999797,8,-88.446132,18,66.680207,11.134438,26.073375,131.84324,73.377938,37.20411
466,polinomio,1.0,0.999995,0.99969,8,6.382839,5,1.888089,4.945231,3.436277,20.792356,17.720822,9.91496
467,spline,0.999788,0.999701,0.999788,8,-20.771998,22,8.681308,31.065861,6.565474,29.4048,36.343919,18.767248
468,polinomio,1.0,1.0,0.99882,8,-1.622308,3,10.985148,19.189614,14.235263,0.129519,20.07786,3.899963
469,polinomio,0.999999,0.999989,0.999262,8,22.376857,6,6.51574,11.719678,3.781627,1.590205,18.982818,2.828678
470,gaussianas,0.999999,0.999999,0.999503,8,-17.77668,9,35.693596,17.393458,13.139021,37.050774,39.529902,12.934794
471,gaussianas,0.999961,0.999961,0.999538,8,-34.788616,13,23.835729,29.107869,11.582724,107.641598,71.060519,40.146119
472,gaussianas,0.999751,0.999751,0.999661,8,-57.148271,15,10.664927,43.310911,7.58283,12.994018,62.591853,10.954848
473,gaussianas,0.999687,0.999687,0.999621,8,-2.453443,23,37.499642,47.814901,10.31821,34.795954,31.562817,13.369643
474,polinomio,0.999999,0.999947,0.999326,8,-5.050178,6,2.235573,8.174134,3.195537,27.524445,21.499367,9.558982
475,spline,0.999055,0.998138,0.999055,8,15.805484,20,31.713064,54.238745,34.076028,11.443403,62.536661,9.128848
476,spline,0.999637,0.999207,0.999637,8,13.576334,19,50.156261,64.828886,32.661892,6.999013,83.060358,9.374458
477,spline,0.999628,0.999006,0.999628,8,1.540383,15,15.273039,22.257838,12.316839,35.812441,49.742411,19.191396
478,polinomio,1.0,1.0,0.999829,8,-36.274555,2,22.820562,11.003866,6.64277,47.121469,21.792979,6.81018
479,spline,0.999847,0.999716,0.999847,8,-2.382655,17,6.684403,14.360873,12.028505,38.798647,68.356257,20.708348
480,gaussianas,0.999721,0.999721,0.999004,8,12.170349,10,5.64129,20.168488,5.807332,30.192099,33.757575,13.907837
481,polinomio,0.999914,0.99991,0.999046,8,16.884953,8,24.359807,24.487578,15.812947,43.300542,58.502327,19.664125
482,polinomio,0.999999,0.999961,0.999096,7,28.062719,4,6.60004,23.422271,11.370452,21.655904,72.143168,20.886772
483,polinomio,1.0,1.0,0.999589,8,-19.26124,4,23.223684,25.282622,13.176627,15.362983,39.795069,10.188596
484,spline,0.999412,0.997738,0.999412,8,-2.25466,21,22.410581,24.719251,20.511636,59.916163,69.562376,27.707847
485,gaussianas,0.999999,0.999999,0.999606,8,5.174409,10,1.820409,22.982889,23.771555,0.063359,48.893729,5.005074
486,gaussianas,1.0,1.0,0.999624,8,-28.824086,8,0.564453,10.768778,3.457149,23.209009,10.484084,9.312587
487,polinomio,1.0,1.0,0.999574,8,11.062545,7,2.595256,6.153328,9.043913,0.075034,20.9366,2.348413
488,gaussianas,0.99999,0.99999,0.99979,8,-77.290766,15,104.628457,21.273686,24.12008,1.90171,51.695347,5.412599
489,spline,0.999621,0.999354,0.999621,7,-13.547254,16,44.264819,59.486684,26.485086,20.022196,104.387596,15.529412
490,gaussianas,0.999995,0.999995,0.999431,8,32.859258,11,12.324665,27.53429,10.384184,7.028037,44.644753,5.581378
491,polinomio,0.999999,0.999999,0.999217,8,4.814064,2,7.847354,16.180626,8.711861,15.633295,30.231427,8.760412
492,polinomio,1.0,1.0,0.999852,8,-0.563052,2,4.815563,8.297012,6.392053,0.058263,19.046947,1.816709
493,gaussianas,0.999913,0.999913,0.998872,8,6.576193,16,13.232213,12.942407,11.084532,46.057621,37.524641,23.433903
494,gaussianas,0.999641,0.999641,0.999217,7,-20.995019,18,17.698402,21.099269,9.808697,101.079865,47.759848,21.672675
495,gaussianas,0.999683,0.999683,0.998602,8,-42.631777,16,86.561164,37.979961,23.845159,10.630191,57.006357,9.811159
496,gaussianas,0.999989,0.999989,0.999574,8,-9.813669,12,65.419945,56.490309,28.610731,4.11452,55.366581,8.149297
497,gaussianas,0.999997,0.999997,0.999811,8,-33.727634,14,59.243836,53.959448,32.107551,9.187867,63.727603,11.197853
498,polinomio,0.999999,0.999984,0.999368,8,-2.778768,5,14.827563,8.605163,11.792526,55.71148,32.816106,15.10966
499,gaussianas,0.999999,0.999999,0.999679,8,28.133843,7,6.801839,21.954523,14.449505,3.750958,36.966063,9.245141
500,gaussianas,0.999871,0.999871,0.999844,8,-0.26933,16,1.971879,27.599264,7.818914,8.969228,52.166009,10.806581
